FREQ;Frequency;REF_AREA;Territory;DATA_TYPE;Indicator;SEX;Sex (DESC);AGE;Age (DESC);TIME_PERIOD;Observation;OBS_STATUS;Observation status
Q;Quarterly;IT;Italy;EMP_R;Employment rate;9;Total;Y15-24;15-24 years;2004-Q1;27.383739;;
Q;Quarterly;IT;Italy;EMP_R;Employment rate;9;Total;Y15-24;15-24 years;2004-Q2;27.254097;;
Q;Quarterly;IT;Italy;EMP_R;Employment rate;9;Total;Y15-24;15-24 years;2004-Q3;28.227831;;
Q;Quarterly;IT;Italy;EMP_R;Employment rate;9;Total;Y15-24;15-24 years;2004-Q4;26.176563;;
Q;Quarterly;IT;Italy;EMP_R;Employment rate;9;Total;Y15-24;15-24 years;2005-Q1;25.398545;;
Q;Quarterly;IT;Italy;EMP_R;Employment rate;9;Total;Y15-24;15-24 years;2005-Q2;25.971914;;
Q;Quarterly;IT;Italy;EMP_R;Employment rate;9;Total;Y15-24;15-24 years;2005-Q3;25.323515;;
Q;Quarterly;IT;Italy;EMP_R;Employment rate;9;Total;Y15-24;15-24 years;2005-Q4;25.161596;;
Q;Quarterly;IT;Italy;EMP_R;Employment rate;9;Total;Y15-24;15-24 years;2006-Q1;25.418331;;
Q;Quarterly;IT;Italy;EMP_R;Employment rate;9;Total;Y15-24;15-24 years;2006-Q2;25.622751;;
Q;Quarterly;IT;Italy;EMP_R;Employment rate;9;Total;Y15-24;15-24 years;2006-Q3;25.641365;;
Q;Quarterly;IT;Italy;EMP_R;Employment rate;9;Total;Y15-24;15-24 years;2006-Q4;24.479146;;
Q;Quarterly;IT;Italy;EMP_R;Employment rate;9;Total;Y15-24;15-24 years;2007-Q1;23.849429;;
Q;Quarterly;IT;Italy;EMP_R;Employment rate;9;Total;Y15-24;15-24 years;2007-Q2;25.117612;;
Q;Quarterly;IT;Italy;EMP_R;Employment rate;9;Total;Y15-24;15-24 years;2007-Q3;25.571293;;
Q;Quarterly;IT;Italy;EMP_R;Employment rate;9;Total;Y15-24;15-24 years;2007-Q4;23.587731;;
Q;Quarterly;IT;Italy;EMP_R;Employment rate;9;Total;Y15-24;15-24 years;2008-Q1;24.11322;;
Q;Quarterly;IT;Italy;EMP_R;Employment rate;9;Total;Y15-24;15-24 years;2008-Q2;25.008254;;
Q;Quarterly;IT;Italy;EMP_R;Employment rate;9;Total;Y15-24;15-24 years;2008-Q3;24.99982;;
Q;Quarterly;IT;Italy;EMP_R;Employment rate;9;Total;Y15-24;15-24 years;2008-Q4;22.74826;;
Q;Quarterly;IT;Italy;EMP_R;Employment rate;9;Total;Y15-24;15-24 years;2009-Q1;21.563277;;
Q;Quarterly;IT;Italy;EMP_R;Employment rate;9;Total;Y15-24;15-24 years;2009-Q2;21.454462;;
Q;Quarterly;IT;Italy;EMP_R;Employment rate;9;Total;Y15-24;15-24 years;2009-Q3;22.055902;;
Q;Quarterly;IT;Italy;EMP_R;Employment rate;9;Total;Y15-24;15-24 years;2009-Q4;20.725651;;
Q;Quarterly;IT;Italy;EMP_R;Employment rate;9;Total;Y15-24;15-24 years;2010-Q1;20.417303;;
Q;Quarterly;IT;Italy;EMP_R;Employment rate;9;Total;Y15-24;15-24 years;2010-Q2;20.144553;;
Q;Quarterly;IT;Italy;EMP_R;Employment rate;9;Total;Y15-24;15-24 years;2010-Q3;20.223038;;
Q;Quarterly;IT;Italy;EMP_R;Employment rate;9;Total;Y15-24;15-24 years;2010-Q4;19.987485;;
Q;Quarterly;IT;Italy;EMP_R;Employment rate;9;Total;Y15-24;15-24 years;2011-Q1;19.345119;;
Q;Quarterly;IT;Italy;EMP_R;Employment rate;9;Total;Y15-24;15-24 years;2011-Q2;18.715147;;
Q;Quarterly;IT;Italy;EMP_R;Employment rate;9;Total;Y15-24;15-24 years;2011-Q3;19.42587;;
Q;Quarterly;IT;Italy;EMP_R;Employment rate;9;Total;Y15-24;15-24 years;2011-Q4;19.251101;;
Q;Quarterly;IT;Italy;EMP_R;Employment rate;9;Total;Y15-24;15-24 years;2012-Q1;18.527865;;
Q;Quarterly;IT;Italy;EMP_R;Employment rate;9;Total;Y15-24;15-24 years;2012-Q2;18.612953;;
Q;Quarterly;IT;Italy;EMP_R;Employment rate;9;Total;Y15-24;15-24 years;2012-Q3;19.183272;;
Q;Quarterly;IT;Italy;EMP_R;Employment rate;9;Total;Y15-24;15-24 years;2012-Q4;17.452943;;
Q;Quarterly;IT;Italy;EMP_R;Employment rate;9;Total;Y15-24;15-24 years;2013-Q1;15.987177;;
Q;Quarterly;IT;Italy;EMP_R;Employment rate;9;Total;Y15-24;15-24 years;2013-Q2;16.748796;;
Q;Quarterly;IT;Italy;EMP_R;Employment rate;9;Total;Y15-24;15-24 years;2013-Q3;16.851873;;
Q;Quarterly;IT;Italy;EMP_R;Employment rate;9;Total;Y15-24;15-24 years;2013-Q4;15.495946;;
Q;Quarterly;IT;Italy;EMP_R;Employment rate;9;Total;Y15-24;15-24 years;2014-Q1;14.383711;;
Q;Quarterly;IT;Italy;EMP_R;Employment rate;9;Total;Y15-24;15-24 years;2014-Q2;15.639345;;
Q;Quarterly;IT;Italy;EMP_R;Employment rate;9;Total;Y15-24;15-24 years;2014-Q3;16.681392;;
Q;Quarterly;IT;Italy;EMP_R;Employment rate;9;Total;Y15-24;15-24 years;2014-Q4;15.472347;;
Q;Quarterly;IT;Italy;EMP_R;Employment rate;9;Total;Y15-24;15-24 years;2015-Q1;14.166814;;
Q;Quarterly;IT;Italy;EMP_R;Employment rate;9;Total;Y15-24;15-24 years;2015-Q2;15.045255;;
Q;Quarterly;IT;Italy;EMP_R;Employment rate;9;Total;Y15-24;15-24 years;2015-Q3;16.982109;;
Q;Quarterly;IT;Italy;EMP_R;Employment rate;9;Total;Y15-24;15-24 years;2015-Q4;16.219594;;
Q;Quarterly;IT;Italy;EMP_R;Employment rate;9;Total;Y15-24;15-24 years;2016-Q1;15.322854;;
Q;Quarterly;IT;Italy;EMP_R;Employment rate;9;Total;Y15-24;15-24 years;2016-Q2;17.130673;;
Q;Quarterly;IT;Italy;EMP_R;Employment rate;9;Total;Y15-24;15-24 years;2016-Q3;17.456217;;
Q;Quarterly;IT;Italy;EMP_R;Employment rate;9;Total;Y15-24;15-24 years;2016-Q4;16.208364;;
Q;Quarterly;IT;Italy;EMP_R;Employment rate;9;Total;Y15-24;15-24 years;2017-Q1;16.206331;;
Q;Quarterly;IT;Italy;EMP_R;Employment rate;9;Total;Y15-24;15-24 years;2017-Q2;16.769857;;
Q;Quarterly;IT;Italy;EMP_R;Employment rate;9;Total;Y15-24;15-24 years;2017-Q3;18.078725;;
Q;Quarterly;IT;Italy;EMP_R;Employment rate;9;Total;Y15-24;15-24 years;2017-Q4;17.170127;;
Q;Quarterly;IT;Italy;EMP_R;Employment rate;9;Total;Y15-24;15-24 years;2018-Q1;17.214361;;
Q;Quarterly;IT;Italy;EMP_R;Employment rate;9;Total;Y15-24;15-24 years;2018-Q2;17.649566;;
Q;Quarterly;IT;Italy;EMP_R;Employment rate;9;Total;Y15-24;15-24 years;2018-Q3;18.076142;;
Q;Quarterly;IT;Italy;EMP_R;Employment rate;9;Total;Y15-24;15-24 years;2018-Q4;17.427957;;
Q;Quarterly;IT;Italy;EMP_R;Employment rate;9;Total;Y15-24;15-24 years;2019-Q1;17.428082;;
Q;Quarterly;IT;Italy;EMP_R;Employment rate;9;Total;Y15-24;15-24 years;2019-Q2;18.496906;;
Q;Quarterly;IT;Italy;EMP_R;Employment rate;9;Total;Y15-24;15-24 years;2019-Q3;19.259892;;
Q;Quarterly;IT;Italy;EMP_R;Employment rate;9;Total;Y15-24;15-24 years;2019-Q4;18.269481;;
Q;Quarterly;IT;Italy;EMP_R;Employment rate;9;Total;Y15-24;15-24 years;2020-Q1;17.277156;;
Q;Quarterly;IT;Italy;EMP_R;Employment rate;9;Total;Y15-24;15-24 years;2020-Q2;15.645727;;
Q;Quarterly;IT;Italy;EMP_R;Employment rate;9;Total;Y15-24;15-24 years;2020-Q3;17.352903;;
Q;Quarterly;IT;Italy;EMP_R;Employment rate;9;Total;Y15-24;15-24 years;2020-Q4;16.213573;;
Q;Quarterly;IT;Italy;EMP_R;Employment rate;9;Total;Y15-24;15-24 years;2021-Q1;15.381744;;
Q;Quarterly;IT;Italy;EMP_R;Employment rate;9;Total;Y15-24;15-24 years;2021-Q2;17.372624;;
Q;Quarterly;IT;Italy;EMP_R;Employment rate;9;Total;Y15-24;15-24 years;2021-Q3;18.800646;;
Q;Quarterly;IT;Italy;EMP_R;Employment rate;9;Total;Y15-24;15-24 years;2021-Q4;18.549986;;
Q;Quarterly;IT;Italy;EMP_R;Employment rate;9;Total;Y15-24;15-24 years;2022-Q1;18.439318;;
Q;Quarterly;IT;Italy;EMP_R;Employment rate;9;Total;Y15-24;15-24 years;2022-Q2;20.274595;;
Q;Quarterly;IT;Italy;EMP_R;Employment rate;9;Total;Y15-24;15-24 years;2022-Q3;20.613712;;
Q;Quarterly;IT;Italy;EMP_R;Employment rate;9;Total;Y15-24;15-24 years;2022-Q4;19.94182;;
Q;Quarterly;IT;Italy;EMP_R;Employment rate;9;Total;Y15-24;15-24 years;2023-Q1;19.968522;;
Q;Quarterly;IT;Italy;EMP_R;Employment rate;9;Total;Y15-24;15-24 years;2023-Q2;20.570248;;
Q;Quarterly;IT;Italy;EMP_R;Employment rate;9;Total;Y15-24;15-24 years;2023-Q3;20.756981;;
Q;Quarterly;IT;Italy;EMP_R;Employment rate;9;Total;Y15-24;15-24 years;2023-Q4;20.273706;;
Q;Quarterly;IT;Italy;EMP_R;Employment rate;9;Total;Y15-24;15-24 years;2024-Q1;19.580951;;
Q;Quarterly;IT;Italy;EMP_R;Employment rate;9;Total;Y15-24;15-24 years;2024-Q2;19.675226;;
Q;Quarterly;IT;Italy;EMP_R;Employment rate;9;Total;Y15-24;15-24 years;2024-Q3;20.480628;;
Q;Quarterly;IT;Italy;EMP_R;Employment rate;9;Total;Y15-24;15-24 years;2024-Q4;19.120012;;
Q;Quarterly;IT;Italy;EMP_R;Employment rate;9;Total;Y15-24;15-24 years;2025-Q1;18.720503;;
Q;Quarterly;IT;Italy;EMP_R;Employment rate;9;Total;Y15-24;15-24 years;2025-Q2;17.997745;;
Q;Quarterly;IT;Italy;EMP_R;Employment rate;9;Total;Y18-29;18-29 years;2018-Q1;37.395689;;
Q;Quarterly;IT;Italy;EMP_R;Employment rate;9;Total;Y18-29;18-29 years;2018-Q2;38.445829;;
Q;Quarterly;IT;Italy;EMP_R;Employment rate;9;Total;Y18-29;18-29 years;2018-Q3;38.186423;;
Q;Quarterly;IT;Italy;EMP_R;Employment rate;9;Total;Y18-29;18-29 years;2018-Q4;37.447314;;
Q;Quarterly;IT;Italy;EMP_R;Employment rate;9;Total;Y18-29;18-29 years;2019-Q1;38.340862;;
Q;Quarterly;IT;Italy;EMP_R;Employment rate;9;Total;Y18-29;18-29 years;2019-Q2;39.219877;;
Q;Quarterly;IT;Italy;EMP_R;Employment rate;9;Total;Y18-29;18-29 years;2019-Q3;39.700155;;
Q;Quarterly;IT;Italy;EMP_R;Employment rate;9;Total;Y18-29;18-29 years;2019-Q4;39.036448;;
Q;Quarterly;IT;Italy;EMP_R;Employment rate;9;Total;Y18-29;18-29 years;2020-Q1;37.70147;;
Q;Quarterly;IT;Italy;EMP_R;Employment rate;9;Total;Y18-29;18-29 years;2020-Q2;35.024086;;
Q;Quarterly;IT;Italy;EMP_R;Employment rate;9;Total;Y18-29;18-29 years;2020-Q3;36.649714;;
Q;Quarterly;IT;Italy;EMP_R;Employment rate;9;Total;Y18-29;18-29 years;2020-Q4;36.479881;;
Q;Quarterly;IT;Italy;EMP_R;Employment rate;9;Total;Y18-29;18-29 years;2021-Q1;35.329529;;
Q;Quarterly;IT;Italy;EMP_R;Employment rate;9;Total;Y18-29;18-29 years;2021-Q2;38.470814;;
Q;Quarterly;IT;Italy;EMP_R;Employment rate;9;Total;Y18-29;18-29 years;2021-Q3;39.898001;;
Q;Quarterly;IT;Italy;EMP_R;Employment rate;9;Total;Y18-29;18-29 years;2021-Q4;40.099815;;
Q;Quarterly;IT;Italy;EMP_R;Employment rate;9;Total;Y18-29;18-29 years;2022-Q1;40.418406;;
Q;Quarterly;IT;Italy;EMP_R;Employment rate;9;Total;Y18-29;18-29 years;2022-Q2;42.840801;;
Q;Quarterly;IT;Italy;EMP_R;Employment rate;9;Total;Y18-29;18-29 years;2022-Q3;42.115784;;
Q;Quarterly;IT;Italy;EMP_R;Employment rate;9;Total;Y18-29;18-29 years;2022-Q4;42.160661;;
Q;Quarterly;IT;Italy;EMP_R;Employment rate;9;Total;Y18-29;18-29 years;2023-Q1;42.345156;;
Q;Quarterly;IT;Italy;EMP_R;Employment rate;9;Total;Y18-29;18-29 years;2023-Q2;43.342697;;
Q;Quarterly;IT;Italy;EMP_R;Employment rate;9;Total;Y18-29;18-29 years;2023-Q3;42.592125;;
Q;Quarterly;IT;Italy;EMP_R;Employment rate;9;Total;Y18-29;18-29 years;2023-Q4;43.843829;;
Q;Quarterly;IT;Italy;EMP_R;Employment rate;9;Total;Y18-29;18-29 years;2024-Q1;42.942298;;
Q;Quarterly;IT;Italy;EMP_R;Employment rate;9;Total;Y18-29;18-29 years;2024-Q2;42.649369;;
Q;Quarterly;IT;Italy;EMP_R;Employment rate;9;Total;Y18-29;18-29 years;2024-Q3;43.119629;;
Q;Quarterly;IT;Italy;EMP_R;Employment rate;9;Total;Y18-29;18-29 years;2024-Q4;41.99315;;
Q;Quarterly;IT;Italy;EMP_R;Employment rate;9;Total;Y18-29;18-29 years;2025-Q1;41.578306;;
Q;Quarterly;IT;Italy;EMP_R;Employment rate;9;Total;Y18-29;18-29 years;2025-Q2;41.557988;;
Q;Quarterly;IT;Italy;EMP_R;Employment rate;9;Total;Y15-29;15-29 years;2018-Q1;30.371843;;
Q;Quarterly;IT;Italy;EMP_R;Employment rate;9;Total;Y15-29;15-29 years;2018-Q2;31.276128;;
Q;Quarterly;IT;Italy;EMP_R;Employment rate;9;Total;Y15-29;15-29 years;2018-Q3;31.091529;;
Q;Quarterly;IT;Italy;EMP_R;Employment rate;9;Total;Y15-29;15-29 years;2018-Q4;30.384532;;
Q;Quarterly;IT;Italy;EMP_R;Employment rate;9;Total;Y15-29;15-29 years;2019-Q1;31.115808;;
Q;Quarterly;IT;Italy;EMP_R;Employment rate;9;Total;Y15-29;15-29 years;2019-Q2;31.856466;;
Q;Quarterly;IT;Italy;EMP_R;Employment rate;9;Total;Y15-29;15-29 years;2019-Q3;32.290661;;
Q;Quarterly;IT;Italy;EMP_R;Employment rate;9;Total;Y15-29;15-29 years;2019-Q4;31.685596;;
Q;Quarterly;IT;Italy;EMP_R;Employment rate;9;Total;Y15-29;15-29 years;2020-Q1;30.572505;;
Q;Quarterly;IT;Italy;EMP_R;Employment rate;9;Total;Y15-29;15-29 years;2020-Q2;28.336028;;
Q;Quarterly;IT;Italy;EMP_R;Employment rate;9;Total;Y15-29;15-29 years;2020-Q3;29.71763;;
Q;Quarterly;IT;Italy;EMP_R;Employment rate;9;Total;Y15-29;15-29 years;2020-Q4;29.517187;;
Q;Quarterly;IT;Italy;EMP_R;Employment rate;9;Total;Y15-29;15-29 years;2021-Q1;28.524902;;
Q;Quarterly;IT;Italy;EMP_R;Employment rate;9;Total;Y15-29;15-29 years;2021-Q2;31.114354;;
Q;Quarterly;IT;Italy;EMP_R;Employment rate;9;Total;Y15-29;15-29 years;2021-Q3;32.291464;;
Q;Quarterly;IT;Italy;EMP_R;Employment rate;9;Total;Y15-29;15-29 years;2021-Q4;32.344497;;
Q;Quarterly;IT;Italy;EMP_R;Employment rate;9;Total;Y15-29;15-29 years;2022-Q1;32.586516;;
Q;Quarterly;IT;Italy;EMP_R;Employment rate;9;Total;Y15-29;15-29 years;2022-Q2;34.610544;;
Q;Quarterly;IT;Italy;EMP_R;Employment rate;9;Total;Y15-29;15-29 years;2022-Q3;34.038678;;
Q;Quarterly;IT;Italy;EMP_R;Employment rate;9;Total;Y15-29;15-29 years;2022-Q4;33.863442;;
Q;Quarterly;IT;Italy;EMP_R;Employment rate;9;Total;Y15-29;15-29 years;2023-Q1;34.043033;;
Q;Quarterly;IT;Italy;EMP_R;Employment rate;9;Total;Y15-29;15-29 years;2023-Q2;34.979014;;
Q;Quarterly;IT;Italy;EMP_R;Employment rate;9;Total;Y15-29;15-29 years;2023-Q3;34.428968;;
Q;Quarterly;IT;Italy;EMP_R;Employment rate;9;Total;Y15-29;15-29 years;2023-Q4;35.26412;;
Q;Quarterly;IT;Italy;EMP_R;Employment rate;9;Total;Y15-29;15-29 years;2024-Q1;34.548414;;
Q;Quarterly;IT;Italy;EMP_R;Employment rate;9;Total;Y15-29;15-29 years;2024-Q2;34.394731;;
Q;Quarterly;IT;Italy;EMP_R;Employment rate;9;Total;Y15-29;15-29 years;2024-Q3;34.884236;;
Q;Quarterly;IT;Italy;EMP_R;Employment rate;9;Total;Y15-29;15-29 years;2024-Q4;33.819218;;
Q;Quarterly;IT;Italy;EMP_R;Employment rate;9;Total;Y15-29;15-29 years;2025-Q1;33.432786;;
Q;Quarterly;IT;Italy;EMP_R;Employment rate;9;Total;Y15-29;15-29 years;2025-Q2;33.436641;;
Q;Quarterly;IT;Italy;EMP_R;Employment rate;9;Total;Y25-34;25-34 years;2004-Q1;69.60968;;
Q;Quarterly;IT;Italy;EMP_R;Employment rate;9;Total;Y25-34;25-34 years;2004-Q2;70.50657;;
Q;Quarterly;IT;Italy;EMP_R;Employment rate;9;Total;Y25-34;25-34 years;2004-Q3;69.953277;;
Q;Quarterly;IT;Italy;EMP_R;Employment rate;9;Total;Y25-34;25-34 years;2004-Q4;69.964659;;
Q;Quarterly;IT;Italy;EMP_R;Employment rate;9;Total;Y25-34;25-34 years;2005-Q1;69.164909;;
Q;Quarterly;IT;Italy;EMP_R;Employment rate;9;Total;Y25-34;25-34 years;2005-Q2;69.90144;;
Q;Quarterly;IT;Italy;EMP_R;Employment rate;9;Total;Y25-34;25-34 years;2005-Q3;69.049806;;
Q;Quarterly;IT;Italy;EMP_R;Employment rate;9;Total;Y25-34;25-34 years;2005-Q4;69.468518;;
Q;Quarterly;IT;Italy;EMP_R;Employment rate;9;Total;Y25-34;25-34 years;2006-Q1;69.924386;;
Q;Quarterly;IT;Italy;EMP_R;Employment rate;9;Total;Y25-34;25-34 years;2006-Q2;70.898238;;
Q;Quarterly;IT;Italy;EMP_R;Employment rate;9;Total;Y25-34;25-34 years;2006-Q3;70.027593;;
Q;Quarterly;IT;Italy;EMP_R;Employment rate;9;Total;Y25-34;25-34 years;2006-Q4;70.007143;;
Q;Quarterly;IT;Italy;EMP_R;Employment rate;9;Total;Y25-34;25-34 years;2007-Q1;68.888364;;
Q;Quarterly;IT;Italy;EMP_R;Employment rate;9;Total;Y25-34;25-34 years;2007-Q2;70.705071;;
Q;Quarterly;IT;Italy;EMP_R;Employment rate;9;Total;Y25-34;25-34 years;2007-Q3;70.339197;;
Q;Quarterly;IT;Italy;EMP_R;Employment rate;9;Total;Y25-34;25-34 years;2007-Q4;70.79227;;
Q;Quarterly;IT;Italy;EMP_R;Employment rate;9;Total;Y25-34;25-34 years;2008-Q1;70.036996;;
Q;Quarterly;IT;Italy;EMP_R;Employment rate;9;Total;Y25-34;25-34 years;2008-Q2;70.853835;;
Q;Quarterly;IT;Italy;EMP_R;Employment rate;9;Total;Y25-34;25-34 years;2008-Q3;69.891284;;
Q;Quarterly;IT;Italy;EMP_R;Employment rate;9;Total;Y25-34;25-34 years;2008-Q4;69.70008;;
Q;Quarterly;IT;Italy;EMP_R;Employment rate;9;Total;Y25-34;25-34 years;2009-Q1;67.875363;;
Q;Quarterly;IT;Italy;EMP_R;Employment rate;9;Total;Y25-34;25-34 years;2009-Q2;67.675092;;
Q;Quarterly;IT;Italy;EMP_R;Employment rate;9;Total;Y25-34;25-34 years;2009-Q3;66.88793;;
Q;Quarterly;IT;Italy;EMP_R;Employment rate;9;Total;Y25-34;25-34 years;2009-Q4;65.887881;;
Q;Quarterly;IT;Italy;EMP_R;Employment rate;9;Total;Y25-34;25-34 years;2010-Q1;64.799233;;
Q;Quarterly;IT;Italy;EMP_R;Employment rate;9;Total;Y25-34;25-34 years;2010-Q2;65.589666;;
Q;Quarterly;IT;Italy;EMP_R;Employment rate;9;Total;Y25-34;25-34 years;2010-Q3;64.675006;;
Q;Quarterly;IT;Italy;EMP_R;Employment rate;9;Total;Y25-34;25-34 years;2010-Q4;65.212842;;
Q;Quarterly;IT;Italy;EMP_R;Employment rate;9;Total;Y25-34;25-34 years;2011-Q1;64.895447;;
Q;Quarterly;IT;Italy;EMP_R;Employment rate;9;Total;Y25-34;25-34 years;2011-Q2;65.654819;;
Q;Quarterly;IT;Italy;EMP_R;Employment rate;9;Total;Y25-34;25-34 years;2011-Q3;64.731896;;
Q;Quarterly;IT;Italy;EMP_R;Employment rate;9;Total;Y25-34;25-34 years;2011-Q4;64.321635;;
Q;Quarterly;IT;Italy;EMP_R;Employment rate;9;Total;Y25-34;25-34 years;2012-Q1;63.710508;;
Q;Quarterly;IT;Italy;EMP_R;Employment rate;9;Total;Y25-34;25-34 years;2012-Q2;64.193041;;
Q;Quarterly;IT;Italy;EMP_R;Employment rate;9;Total;Y25-34;25-34 years;2012-Q3;63.008621;;
Q;Quarterly;IT;Italy;EMP_R;Employment rate;9;Total;Y25-34;25-34 years;2012-Q4;62.393271;;
Q;Quarterly;IT;Italy;EMP_R;Employment rate;9;Total;Y25-34;25-34 years;2013-Q1;61.228957;;
Q;Quarterly;IT;Italy;EMP_R;Employment rate;9;Total;Y25-34;25-34 years;2013-Q2;59.770306;;
Q;Quarterly;IT;Italy;EMP_R;Employment rate;9;Total;Y25-34;25-34 years;2013-Q3;58.790532;;
Q;Quarterly;IT;Italy;EMP_R;Employment rate;9;Total;Y25-34;25-34 years;2013-Q4;59.034021;;
Q;Quarterly;IT;Italy;EMP_R;Employment rate;9;Total;Y25-34;25-34 years;2014-Q1;58.866605;;
Q;Quarterly;IT;Italy;EMP_R;Employment rate;9;Total;Y25-34;25-34 years;2014-Q2;59.15781;;
Q;Quarterly;IT;Italy;EMP_R;Employment rate;9;Total;Y25-34;25-34 years;2014-Q3;58.985649;;
Q;Quarterly;IT;Italy;EMP_R;Employment rate;9;Total;Y25-34;25-34 years;2014-Q4;59.959636;;
Q;Quarterly;IT;Italy;EMP_R;Employment rate;9;Total;Y25-34;25-34 years;2015-Q1;58.865149;;
Q;Quarterly;IT;Italy;EMP_R;Employment rate;9;Total;Y25-34;25-34 years;2015-Q2;58.852104;;
Q;Quarterly;IT;Italy;EMP_R;Employment rate;9;Total;Y25-34;25-34 years;2015-Q3;60.172618;;
Q;Quarterly;IT;Italy;EMP_R;Employment rate;9;Total;Y25-34;25-34 years;2015-Q4;60.420547;;
Q;Quarterly;IT;Italy;EMP_R;Employment rate;9;Total;Y25-34;25-34 years;2016-Q1;59.218203;;
Q;Quarterly;IT;Italy;EMP_R;Employment rate;9;Total;Y25-34;25-34 years;2016-Q2;60.92587;;
Q;Quarterly;IT;Italy;EMP_R;Employment rate;9;Total;Y25-34;25-34 years;2016-Q3;60.367584;;
Q;Quarterly;IT;Italy;EMP_R;Employment rate;9;Total;Y25-34;25-34 years;2016-Q4;60.375742;;
Q;Quarterly;IT;Italy;EMP_R;Employment rate;9;Total;Y25-34;25-34 years;2017-Q1;60.592926;;
Q;Quarterly;IT;Italy;EMP_R;Employment rate;9;Total;Y25-34;25-34 years;2017-Q2;61.646761;;
Q;Quarterly;IT;Italy;EMP_R;Employment rate;9;Total;Y25-34;25-34 years;2017-Q3;61.788407;;
Q;Quarterly;IT;Italy;EMP_R;Employment rate;9;Total;Y25-34;25-34 years;2017-Q4;61.223171;;
Q;Quarterly;IT;Italy;EMP_R;Employment rate;9;Total;Y25-34;25-34 years;2018-Q1;60.896221;;
Q;Quarterly;IT;Italy;EMP_R;Employment rate;9;Total;Y25-34;25-34 years;2018-Q2;63.140127;;
Q;Quarterly;IT;Italy;EMP_R;Employment rate;9;Total;Y25-34;25-34 years;2018-Q3;62.122124;;
Q;Quarterly;IT;Italy;EMP_R;Employment rate;9;Total;Y25-34;25-34 years;2018-Q4;61.39068;;
Q;Quarterly;IT;Italy;EMP_R;Employment rate;9;Total;Y25-34;25-34 years;2019-Q1;61.774226;;
Q;Quarterly;IT;Italy;EMP_R;Employment rate;9;Total;Y25-34;25-34 years;2019-Q2;62.814323;;
Q;Quarterly;IT;Italy;EMP_R;Employment rate;9;Total;Y25-34;25-34 years;2019-Q3;62.964625;;
Q;Quarterly;IT;Italy;EMP_R;Employment rate;9;Total;Y25-34;25-34 years;2019-Q4;63.224581;;
Q;Quarterly;IT;Italy;EMP_R;Employment rate;9;Total;Y25-34;25-34 years;2020-Q1;62.039298;;
Q;Quarterly;IT;Italy;EMP_R;Employment rate;9;Total;Y25-34;25-34 years;2020-Q2;58.231443;;
Q;Quarterly;IT;Italy;EMP_R;Employment rate;9;Total;Y25-34;25-34 years;2020-Q3;59.748987;;
Q;Quarterly;IT;Italy;EMP_R;Employment rate;9;Total;Y25-34;25-34 years;2020-Q4;60.725429;;
Q;Quarterly;IT;Italy;EMP_R;Employment rate;9;Total;Y25-34;25-34 years;2021-Q1;58.791825;;
Q;Quarterly;IT;Italy;EMP_R;Employment rate;9;Total;Y25-34;25-34 years;2021-Q2;62.210824;;
Q;Quarterly;IT;Italy;EMP_R;Employment rate;9;Total;Y25-34;25-34 years;2021-Q3;64.323127;;
Q;Quarterly;IT;Italy;EMP_R;Employment rate;9;Total;Y25-34;25-34 years;2021-Q4;65.153479;;
Q;Quarterly;IT;Italy;EMP_R;Employment rate;9;Total;Y25-34;25-34 years;2022-Q1;64.626614;;
Q;Quarterly;IT;Italy;EMP_R;Employment rate;9;Total;Y25-34;25-34 years;2022-Q2;66.599649;;
Q;Quarterly;IT;Italy;EMP_R;Employment rate;9;Total;Y25-34;25-34 years;2022-Q3;65.977512;;
Q;Quarterly;IT;Italy;EMP_R;Employment rate;9;Total;Y25-34;25-34 years;2022-Q4;67.227546;;
Q;Quarterly;IT;Italy;EMP_R;Employment rate;9;Total;Y25-34;25-34 years;2023-Q1;66.906962;;
Q;Quarterly;IT;Italy;EMP_R;Employment rate;9;Total;Y25-34;25-34 years;2023-Q2;68.648207;;
Q;Quarterly;IT;Italy;EMP_R;Employment rate;9;Total;Y25-34;25-34 years;2023-Q3;67.569494;;
Q;Quarterly;IT;Italy;EMP_R;Employment rate;9;Total;Y25-34;25-34 years;2023-Q4;69.372228;;
Q;Quarterly;IT;Italy;EMP_R;Employment rate;9;Total;Y25-34;25-34 years;2024-Q1;68.321099;;
Q;Quarterly;IT;Italy;EMP_R;Employment rate;9;Total;Y25-34;25-34 years;2024-Q2;68.796269;;
Q;Quarterly;IT;Italy;EMP_R;Employment rate;9;Total;Y25-34;25-34 years;2024-Q3;69.113374;;
Q;Quarterly;IT;Italy;EMP_R;Employment rate;9;Total;Y25-34;25-34 years;2024-Q4;68.526519;;
Q;Quarterly;IT;Italy;EMP_R;Employment rate;9;Total;Y25-34;25-34 years;2025-Q1;68.404056;;
Q;Quarterly;IT;Italy;EMP_R;Employment rate;9;Total;Y25-34;25-34 years;2025-Q2;69.160968;;
Q;Quarterly;IT;Italy;EMP_R;Employment rate;9;Total;Y15-34;15-34 years;2004-Q1;52.052947;;
Q;Quarterly;IT;Italy;EMP_R;Employment rate;9;Total;Y15-34;15-34 years;2004-Q2;52.549053;;
Q;Quarterly;IT;Italy;EMP_R;Employment rate;9;Total;Y15-34;15-34 years;2004-Q3;52.624733;;
Q;Quarterly;IT;Italy;EMP_R;Employment rate;9;Total;Y15-34;15-34 years;2004-Q4;51.771999;;
Q;Quarterly;IT;Italy;EMP_R;Employment rate;9;Total;Y15-34;15-34 years;2005-Q1;50.976005;;
Q;Quarterly;IT;Italy;EMP_R;Employment rate;9;Total;Y15-34;15-34 years;2005-Q2;51.63784;;
Q;Quarterly;IT;Italy;EMP_R;Employment rate;9;Total;Y15-34;15-34 years;2005-Q3;50.838804;;
Q;Quarterly;IT;Italy;EMP_R;Employment rate;9;Total;Y15-34;15-34 years;2005-Q4;50.98009;;
Q;Quarterly;IT;Italy;EMP_R;Employment rate;9;Total;Y15-34;15-34 years;2006-Q1;51.316594;;
Q;Quarterly;IT;Italy;EMP_R;Employment rate;9;Total;Y15-34;15-34 years;2006-Q2;51.929245;;
Q;Quarterly;IT;Italy;EMP_R;Employment rate;9;Total;Y15-34;15-34 years;2006-Q3;51.376596;;
Q;Quarterly;IT;Italy;EMP_R;Employment rate;9;Total;Y15-34;15-34 years;2006-Q4;50.814277;;
Q;Quarterly;IT;Italy;EMP_R;Employment rate;9;Total;Y15-34;15-34 years;2007-Q1;49.838711;;
Q;Quarterly;IT;Italy;EMP_R;Employment rate;9;Total;Y15-34;15-34 years;2007-Q2;51.362165;;
Q;Quarterly;IT;Italy;EMP_R;Employment rate;9;Total;Y15-34;15-34 years;2007-Q3;51.279879;;
Q;Quarterly;IT;Italy;EMP_R;Employment rate;9;Total;Y15-34;15-34 years;2007-Q4;50.629539;;
Q;Quarterly;IT;Italy;EMP_R;Employment rate;9;Total;Y15-34;15-34 years;2008-Q1;50.36124;;
Q;Quarterly;IT;Italy;EMP_R;Employment rate;9;Total;Y15-34;15-34 years;2008-Q2;51.148662;;
Q;Quarterly;IT;Italy;EMP_R;Employment rate;9;Total;Y15-34;15-34 years;2008-Q3;50.522581;;
Q;Quarterly;IT;Italy;EMP_R;Employment rate;9;Total;Y15-34;15-34 years;2008-Q4;49.362513;;
Q;Quarterly;IT;Italy;EMP_R;Employment rate;9;Total;Y15-34;15-34 years;2009-Q1;47.738375;;
Q;Quarterly;IT;Italy;EMP_R;Employment rate;9;Total;Y15-34;15-34 years;2009-Q2;47.502418;;
Q;Quarterly;IT;Italy;EMP_R;Employment rate;9;Total;Y15-34;15-34 years;2009-Q3;47.235188;;
Q;Quarterly;IT;Italy;EMP_R;Employment rate;9;Total;Y15-34;15-34 years;2009-Q4;46.001367;;
Q;Quarterly;IT;Italy;EMP_R;Employment rate;9;Total;Y15-34;15-34 years;2010-Q1;45.1655;;
Q;Quarterly;IT;Italy;EMP_R;Employment rate;9;Total;Y15-34;15-34 years;2010-Q2;45.399319;;
Q;Quarterly;IT;Italy;EMP_R;Employment rate;9;Total;Y15-34;15-34 years;2010-Q3;44.849005;;
Q;Quarterly;IT;Italy;EMP_R;Employment rate;9;Total;Y15-34;15-34 years;2010-Q4;44.965218;;
Q;Quarterly;IT;Italy;EMP_R;Employment rate;9;Total;Y15-34;15-34 years;2011-Q1;44.426877;;
Q;Quarterly;IT;Italy;EMP_R;Employment rate;9;Total;Y15-34;15-34 years;2011-Q2;44.486652;;
Q;Quarterly;IT;Italy;EMP_R;Employment rate;9;Total;Y15-34;15-34 years;2011-Q3;44.223999;;
Q;Quarterly;IT;Italy;EMP_R;Employment rate;9;Total;Y15-34;15-34 years;2011-Q4;43.844246;;
Q;Quarterly;IT;Italy;EMP_R;Employment rate;9;Total;Y15-34;15-34 years;2012-Q1;43.105523;;
Q;Quarterly;IT;Italy;EMP_R;Employment rate;9;Total;Y15-34;15-34 years;2012-Q2;43.338317;;
Q;Quarterly;IT;Italy;EMP_R;Employment rate;9;Total;Y15-34;15-34 years;2012-Q3;42.908367;;
Q;Quarterly;IT;Italy;EMP_R;Employment rate;9;Total;Y15-34;15-34 years;2012-Q4;41.733012;;
Q;Quarterly;IT;Italy;EMP_R;Employment rate;9;Total;Y15-34;15-34 years;2013-Q1;40.384835;;
Q;Quarterly;IT;Italy;EMP_R;Employment rate;9;Total;Y15-34;15-34 years;2013-Q2;39.906783;;
Q;Quarterly;IT;Italy;EMP_R;Employment rate;9;Total;Y15-34;15-34 years;2013-Q3;39.404457;;
Q;Quarterly;IT;Italy;EMP_R;Employment rate;9;Total;Y15-34;15-34 years;2013-Q4;38.885651;;
Q;Quarterly;IT;Italy;EMP_R;Employment rate;9;Total;Y15-34;15-34 years;2014-Q1;38.258966;;
Q;Quarterly;IT;Italy;EMP_R;Employment rate;9;Total;Y15-34;15-34 years;2014-Q2;38.975304;;
Q;Quarterly;IT;Italy;EMP_R;Employment rate;9;Total;Y15-34;15-34 years;2014-Q3;39.344011;;
Q;Quarterly;IT;Italy;EMP_R;Employment rate;9;Total;Y15-34;15-34 years;2014-Q4;39.277941;;
Q;Quarterly;IT;Italy;EMP_R;Employment rate;9;Total;Y15-34;15-34 years;2015-Q1;38.060524;;
Q;Quarterly;IT;Italy;EMP_R;Employment rate;9;Total;Y15-34;15-34 years;2015-Q2;38.439465;;
Q;Quarterly;IT;Italy;EMP_R;Employment rate;9;Total;Y15-34;15-34 years;2015-Q3;40.029406;;
Q;Quarterly;IT;Italy;EMP_R;Employment rate;9;Total;Y15-34;15-34 years;2015-Q4;39.785797;;
Q;Quarterly;IT;Italy;EMP_R;Employment rate;9;Total;Y15-34;15-34 years;2016-Q1;38.706952;;
Q;Quarterly;IT;Italy;EMP_R;Employment rate;9;Total;Y15-34;15-34 years;2016-Q2;40.443152;;
Q;Quarterly;IT;Italy;EMP_R;Employment rate;9;Total;Y15-34;15-34 years;2016-Q3;40.282529;;
Q;Quarterly;IT;Italy;EMP_R;Employment rate;9;Total;Y15-34;15-34 years;2016-Q4;39.682568;;
Q;Quarterly;IT;Italy;EMP_R;Employment rate;9;Total;Y15-34;15-34 years;2017-Q1;39.778193;;
Q;Quarterly;IT;Italy;EMP_R;Employment rate;9;Total;Y15-34;15-34 years;2017-Q2;40.582583;;
Q;Quarterly;IT;Italy;EMP_R;Employment rate;9;Total;Y15-34;15-34 years;2017-Q3;41.255917;;
Q;Quarterly;IT;Italy;EMP_R;Employment rate;9;Total;Y15-34;15-34 years;2017-Q4;40.507609;;
Q;Quarterly;IT;Italy;EMP_R;Employment rate;9;Total;Y15-34;15-34 years;2018-Q1;40.333666;;
Q;Quarterly;IT;Italy;EMP_R;Employment rate;9;Total;Y15-34;15-34 years;2018-Q2;41.708516;;
Q;Quarterly;IT;Italy;EMP_R;Employment rate;9;Total;Y15-34;15-34 years;2018-Q3;41.356477;;
Q;Quarterly;IT;Italy;EMP_R;Employment rate;9;Total;Y15-34;15-34 years;2018-Q4;40.635991;;
Q;Quarterly;IT;Italy;EMP_R;Employment rate;9;Total;Y15-34;15-34 years;2019-Q1;40.813031;;
Q;Quarterly;IT;Italy;EMP_R;Employment rate;9;Total;Y15-34;15-34 years;2019-Q2;41.839892;;
Q;Quarterly;IT;Italy;EMP_R;Employment rate;9;Total;Y15-34;15-34 years;2019-Q3;42.257852;;
Q;Quarterly;IT;Italy;EMP_R;Employment rate;9;Total;Y15-34;15-34 years;2019-Q4;41.895838;;
Q;Quarterly;IT;Italy;EMP_R;Employment rate;9;Total;Y15-34;15-34 years;2020-Q1;40.775841;;
Q;Quarterly;IT;Italy;EMP_R;Employment rate;9;Total;Y15-34;15-34 years;2020-Q2;37.967874;;
Q;Quarterly;IT;Italy;EMP_R;Employment rate;9;Total;Y15-34;15-34 years;2020-Q3;39.52072;;
Q;Quarterly;IT;Italy;EMP_R;Employment rate;9;Total;Y15-34;15-34 years;2020-Q4;39.45826;;
Q;Quarterly;IT;Italy;EMP_R;Employment rate;9;Total;Y15-34;15-34 years;2021-Q1;38.020703;;
Q;Quarterly;IT;Italy;EMP_R;Employment rate;9;Total;Y15-34;15-34 years;2021-Q2;40.733;;
Q;Quarterly;IT;Italy;EMP_R;Employment rate;9;Total;Y15-34;15-34 years;2021-Q3;42.48818;;
Q;Quarterly;IT;Italy;EMP_R;Employment rate;9;Total;Y15-34;15-34 years;2021-Q4;42.669329;;
Q;Quarterly;IT;Italy;EMP_R;Employment rate;9;Total;Y15-34;15-34 years;2022-Q1;42.3285;;
Q;Quarterly;IT;Italy;EMP_R;Employment rate;9;Total;Y15-34;15-34 years;2022-Q2;44.216826;;
Q;Quarterly;IT;Italy;EMP_R;Employment rate;9;Total;Y15-34;15-34 years;2022-Q3;44.044601;;
Q;Quarterly;IT;Italy;EMP_R;Employment rate;9;Total;Y15-34;15-34 years;2022-Q4;44.332578;;
Q;Quarterly;IT;Italy;EMP_R;Employment rate;9;Total;Y15-34;15-34 years;2023-Q1;44.166205;;
Q;Quarterly;IT;Italy;EMP_R;Employment rate;9;Total;Y15-34;15-34 years;2023-Q2;45.333901;;
Q;Quarterly;IT;Italy;EMP_R;Employment rate;9;Total;Y15-34;15-34 years;2023-Q3;44.849996;;
Q;Quarterly;IT;Italy;EMP_R;Employment rate;9;Total;Y15-34;15-34 years;2023-Q4;45.530614;;
Q;Quarterly;IT;Italy;EMP_R;Employment rate;9;Total;Y15-34;15-34 years;2024-Q1;44.661622;;
Q;Quarterly;IT;Italy;EMP_R;Employment rate;9;Total;Y15-34;15-34 years;2024-Q2;44.962157;;
Q;Quarterly;IT;Italy;EMP_R;Employment rate;9;Total;Y15-34;15-34 years;2024-Q3;45.515817;;
Q;Quarterly;IT;Italy;EMP_R;Employment rate;9;Total;Y15-34;15-34 years;2024-Q4;44.546297;;
Q;Quarterly;IT;Italy;EMP_R;Employment rate;9;Total;Y15-34;15-34 years;2025-Q1;44.241753;;
Q;Quarterly;IT;Italy;EMP_R;Employment rate;9;Total;Y15-34;15-34 years;2025-Q2;44.270145;;
Q;Quarterly;IT;Italy;EMP_R;Employment rate;9;Total;Y35-44;35-44 years;2018-Q1;72.231455;;
Q;Quarterly;IT;Italy;EMP_R;Employment rate;9;Total;Y35-44;35-44 years;2018-Q2;74.218004;;
Q;Quarterly;IT;Italy;EMP_R;Employment rate;9;Total;Y35-44;35-44 years;2018-Q3;74.073113;;
Q;Quarterly;IT;Italy;EMP_R;Employment rate;9;Total;Y35-44;35-44 years;2018-Q4;73.41288;;
Q;Quarterly;IT;Italy;EMP_R;Employment rate;9;Total;Y35-44;35-44 years;2019-Q1;72.73313;;
Q;Quarterly;IT;Italy;EMP_R;Employment rate;9;Total;Y35-44;35-44 years;2019-Q2;74.025852;;
Q;Quarterly;IT;Italy;EMP_R;Employment rate;9;Total;Y35-44;35-44 years;2019-Q3;73.908206;;
Q;Quarterly;IT;Italy;EMP_R;Employment rate;9;Total;Y35-44;35-44 years;2019-Q4;73.841826;;
Q;Quarterly;IT;Italy;EMP_R;Employment rate;9;Total;Y35-44;35-44 years;2020-Q1;72.954077;;
Q;Quarterly;IT;Italy;EMP_R;Employment rate;9;Total;Y35-44;35-44 years;2020-Q2;71.607447;;
Q;Quarterly;IT;Italy;EMP_R;Employment rate;9;Total;Y35-44;35-44 years;2020-Q3;72.424043;;
Q;Quarterly;IT;Italy;EMP_R;Employment rate;9;Total;Y35-44;35-44 years;2020-Q4;72.217069;;
Q;Quarterly;IT;Italy;EMP_R;Employment rate;9;Total;Y35-44;35-44 years;2021-Q1;70.745156;;
Q;Quarterly;IT;Italy;EMP_R;Employment rate;9;Total;Y35-44;35-44 years;2021-Q2;73.02194;;
Q;Quarterly;IT;Italy;EMP_R;Employment rate;9;Total;Y35-44;35-44 years;2021-Q3;73.579685;;
Q;Quarterly;IT;Italy;EMP_R;Employment rate;9;Total;Y35-44;35-44 years;2021-Q4;74.466339;;
Q;Quarterly;IT;Italy;EMP_R;Employment rate;9;Total;Y35-44;35-44 years;2022-Q1;74.16024;;
Q;Quarterly;IT;Italy;EMP_R;Employment rate;9;Total;Y35-44;35-44 years;2022-Q2;75.028799;;
Q;Quarterly;IT;Italy;EMP_R;Employment rate;9;Total;Y35-44;35-44 years;2022-Q3;74.511318;;
Q;Quarterly;IT;Italy;EMP_R;Employment rate;9;Total;Y35-44;35-44 years;2022-Q4;75.110646;;
Q;Quarterly;IT;Italy;EMP_R;Employment rate;9;Total;Y35-44;35-44 years;2023-Q1;75.667289;;
Q;Quarterly;IT;Italy;EMP_R;Employment rate;9;Total;Y35-44;35-44 years;2023-Q2;76.333034;;
Q;Quarterly;IT;Italy;EMP_R;Employment rate;9;Total;Y35-44;35-44 years;2023-Q3;75.683092;;
Q;Quarterly;IT;Italy;EMP_R;Employment rate;9;Total;Y35-44;35-44 years;2023-Q4;76.603516;;
Q;Quarterly;IT;Italy;EMP_R;Employment rate;9;Total;Y35-44;35-44 years;2024-Q1;75.970216;;
Q;Quarterly;IT;Italy;EMP_R;Employment rate;9;Total;Y35-44;35-44 years;2024-Q2;77.059572;;
Q;Quarterly;IT;Italy;EMP_R;Employment rate;9;Total;Y35-44;35-44 years;2024-Q3;75.739138;;
Q;Quarterly;IT;Italy;EMP_R;Employment rate;9;Total;Y35-44;35-44 years;2024-Q4;76.649001;;
Q;Quarterly;IT;Italy;EMP_R;Employment rate;9;Total;Y35-44;35-44 years;2025-Q1;77.497484;;
Q;Quarterly;IT;Italy;EMP_R;Employment rate;9;Total;Y35-44;35-44 years;2025-Q2;77.13509;;
Q;Quarterly;IT;Italy;EMP_R;Employment rate;9;Total;Y35-49;35-49 years;2004-Q1;75.050829;;
Q;Quarterly;IT;Italy;EMP_R;Employment rate;9;Total;Y35-49;35-49 years;2004-Q2;75.730657;;
Q;Quarterly;IT;Italy;EMP_R;Employment rate;9;Total;Y35-49;35-49 years;2004-Q3;75.602655;;
Q;Quarterly;IT;Italy;EMP_R;Employment rate;9;Total;Y35-49;35-49 years;2004-Q4;75.888991;;
Q;Quarterly;IT;Italy;EMP_R;Employment rate;9;Total;Y35-49;35-49 years;2005-Q1;75.314649;;
Q;Quarterly;IT;Italy;EMP_R;Employment rate;9;Total;Y35-49;35-49 years;2005-Q2;75.583802;;
Q;Quarterly;IT;Italy;EMP_R;Employment rate;9;Total;Y35-49;35-49 years;2005-Q3;75.265552;;
Q;Quarterly;IT;Italy;EMP_R;Employment rate;9;Total;Y35-49;35-49 years;2005-Q4;75.506223;;
Q;Quarterly;IT;Italy;EMP_R;Employment rate;9;Total;Y35-49;35-49 years;2006-Q1;75.515351;;
Q;Quarterly;IT;Italy;EMP_R;Employment rate;9;Total;Y35-49;35-49 years;2006-Q2;76.776517;;
Q;Quarterly;IT;Italy;EMP_R;Employment rate;9;Total;Y35-49;35-49 years;2006-Q3;75.854363;;
Q;Quarterly;IT;Italy;EMP_R;Employment rate;9;Total;Y35-49;35-49 years;2006-Q4;76.353626;;
Q;Quarterly;IT;Italy;EMP_R;Employment rate;9;Total;Y35-49;35-49 years;2007-Q1;75.375988;;
Q;Quarterly;IT;Italy;EMP_R;Employment rate;9;Total;Y35-49;35-49 years;2007-Q2;75.94026;;
Q;Quarterly;IT;Italy;EMP_R;Employment rate;9;Total;Y35-49;35-49 years;2007-Q3;76.379;;
Q;Quarterly;IT;Italy;EMP_R;Employment rate;9;Total;Y35-49;35-49 years;2007-Q4;76.413555;;
Q;Quarterly;IT;Italy;EMP_R;Employment rate;9;Total;Y35-49;35-49 years;2008-Q1;75.625688;;
Q;Quarterly;IT;Italy;EMP_R;Employment rate;9;Total;Y35-49;35-49 years;2008-Q2;76.18774;;
Q;Quarterly;IT;Italy;EMP_R;Employment rate;9;Total;Y35-49;35-49 years;2008-Q3;76.126255;;
Q;Quarterly;IT;Italy;EMP_R;Employment rate;9;Total;Y35-49;35-49 years;2008-Q4;75.783427;;
Q;Quarterly;IT;Italy;EMP_R;Employment rate;9;Total;Y35-49;35-49 years;2009-Q1;74.448697;;
Q;Quarterly;IT;Italy;EMP_R;Employment rate;9;Total;Y35-49;35-49 years;2009-Q2;74.828564;;
Q;Quarterly;IT;Italy;EMP_R;Employment rate;9;Total;Y35-49;35-49 years;2009-Q3;73.831865;;
Q;Quarterly;IT;Italy;EMP_R;Employment rate;9;Total;Y35-49;35-49 years;2009-Q4;73.887684;;
Q;Quarterly;IT;Italy;EMP_R;Employment rate;9;Total;Y35-49;35-49 years;2010-Q1;73.443524;;
Q;Quarterly;IT;Italy;EMP_R;Employment rate;9;Total;Y35-49;35-49 years;2010-Q2;74.522266;;
Q;Quarterly;IT;Italy;EMP_R;Employment rate;9;Total;Y35-49;35-49 years;2010-Q3;73.389235;;
Q;Quarterly;IT;Italy;EMP_R;Employment rate;9;Total;Y35-49;35-49 years;2010-Q4;73.782079;;
Q;Quarterly;IT;Italy;EMP_R;Employment rate;9;Total;Y35-49;35-49 years;2011-Q1;73.722571;;
Q;Quarterly;IT;Italy;EMP_R;Employment rate;9;Total;Y35-49;35-49 years;2011-Q2;74.501803;;
Q;Quarterly;IT;Italy;EMP_R;Employment rate;9;Total;Y35-49;35-49 years;2011-Q3;73.394577;;
Q;Quarterly;IT;Italy;EMP_R;Employment rate;9;Total;Y35-49;35-49 years;2011-Q4;73.143507;;
Q;Quarterly;IT;Italy;EMP_R;Employment rate;9;Total;Y35-49;35-49 years;2012-Q1;72.750447;;
Q;Quarterly;IT;Italy;EMP_R;Employment rate;9;Total;Y35-49;35-49 years;2012-Q2;73.499367;;
Q;Quarterly;IT;Italy;EMP_R;Employment rate;9;Total;Y35-49;35-49 years;2012-Q3;72.805988;;
Q;Quarterly;IT;Italy;EMP_R;Employment rate;9;Total;Y35-49;35-49 years;2012-Q4;72.7132;;
Q;Quarterly;IT;Italy;EMP_R;Employment rate;9;Total;Y35-49;35-49 years;2013-Q1;71.389027;;
Q;Quarterly;IT;Italy;EMP_R;Employment rate;9;Total;Y35-49;35-49 years;2013-Q2;71.748746;;
Q;Quarterly;IT;Italy;EMP_R;Employment rate;9;Total;Y35-49;35-49 years;2013-Q3;71.402776;;
Q;Quarterly;IT;Italy;EMP_R;Employment rate;9;Total;Y35-49;35-49 years;2013-Q4;71.73722;;
Q;Quarterly;IT;Italy;EMP_R;Employment rate;9;Total;Y35-49;35-49 years;2014-Q1;70.895981;;
Q;Quarterly;IT;Italy;EMP_R;Employment rate;9;Total;Y35-49;35-49 years;2014-Q2;71.458169;;
Q;Quarterly;IT;Italy;EMP_R;Employment rate;9;Total;Y35-49;35-49 years;2014-Q3;70.991658;;
Q;Quarterly;IT;Italy;EMP_R;Employment rate;9;Total;Y35-49;35-49 years;2014-Q4;71.016461;;
Q;Quarterly;IT;Italy;EMP_R;Employment rate;9;Total;Y35-49;35-49 years;2015-Q1;70.981307;;
Q;Quarterly;IT;Italy;EMP_R;Employment rate;9;Total;Y35-49;35-49 years;2015-Q2;71.889834;;
Q;Quarterly;IT;Italy;EMP_R;Employment rate;9;Total;Y35-49;35-49 years;2015-Q3;71.758869;;
Q;Quarterly;IT;Italy;EMP_R;Employment rate;9;Total;Y35-49;35-49 years;2015-Q4;71.738956;;
Q;Quarterly;IT;Italy;EMP_R;Employment rate;9;Total;Y35-49;35-49 years;2016-Q1;71.365691;;
Q;Quarterly;IT;Italy;EMP_R;Employment rate;9;Total;Y35-49;35-49 years;2016-Q2;72.737492;;
Q;Quarterly;IT;Italy;EMP_R;Employment rate;9;Total;Y35-49;35-49 years;2016-Q3;72.797193;;
Q;Quarterly;IT;Italy;EMP_R;Employment rate;9;Total;Y35-49;35-49 years;2016-Q4;72.543696;;
Q;Quarterly;IT;Italy;EMP_R;Employment rate;9;Total;Y35-49;35-49 years;2017-Q1;72.23493;;
Q;Quarterly;IT;Italy;EMP_R;Employment rate;9;Total;Y35-49;35-49 years;2017-Q2;73.278851;;
Q;Quarterly;IT;Italy;EMP_R;Employment rate;9;Total;Y35-49;35-49 years;2017-Q3;73.451004;;
Q;Quarterly;IT;Italy;EMP_R;Employment rate;9;Total;Y35-49;35-49 years;2017-Q4;73.031505;;
Q;Quarterly;IT;Italy;EMP_R;Employment rate;9;Total;Y35-49;35-49 years;2018-Q1;72.167538;;
Q;Quarterly;IT;Italy;EMP_R;Employment rate;9;Total;Y35-49;35-49 years;2018-Q2;74.105417;;
Q;Quarterly;IT;Italy;EMP_R;Employment rate;9;Total;Y35-49;35-49 years;2018-Q3;74.043246;;
Q;Quarterly;IT;Italy;EMP_R;Employment rate;9;Total;Y35-49;35-49 years;2018-Q4;73.638235;;
Q;Quarterly;IT;Italy;EMP_R;Employment rate;9;Total;Y35-49;35-49 years;2019-Q1;72.936194;;
Q;Quarterly;IT;Italy;EMP_R;Employment rate;9;Total;Y35-49;35-49 years;2019-Q2;74.317128;;
Q;Quarterly;IT;Italy;EMP_R;Employment rate;9;Total;Y35-49;35-49 years;2019-Q3;74.083119;;
Q;Quarterly;IT;Italy;EMP_R;Employment rate;9;Total;Y35-49;35-49 years;2019-Q4;74.032509;;
Q;Quarterly;IT;Italy;EMP_R;Employment rate;9;Total;Y35-49;35-49 years;2020-Q1;73.024892;;
Q;Quarterly;IT;Italy;EMP_R;Employment rate;9;Total;Y35-49;35-49 years;2020-Q2;71.594699;;
Q;Quarterly;IT;Italy;EMP_R;Employment rate;9;Total;Y35-49;35-49 years;2020-Q3;72.433351;;
Q;Quarterly;IT;Italy;EMP_R;Employment rate;9;Total;Y35-49;35-49 years;2020-Q4;72.640256;;
Q;Quarterly;IT;Italy;EMP_R;Employment rate;9;Total;Y35-49;35-49 years;2021-Q1;71.050533;;
Q;Quarterly;IT;Italy;EMP_R;Employment rate;9;Total;Y35-49;35-49 years;2021-Q2;73.475243;;
Q;Quarterly;IT;Italy;EMP_R;Employment rate;9;Total;Y35-49;35-49 years;2021-Q3;74.36997;;
Q;Quarterly;IT;Italy;EMP_R;Employment rate;9;Total;Y35-49;35-49 years;2021-Q4;74.640715;;
Q;Quarterly;IT;Italy;EMP_R;Employment rate;9;Total;Y35-49;35-49 years;2022-Q1;74.243519;;
Q;Quarterly;IT;Italy;EMP_R;Employment rate;9;Total;Y35-49;35-49 years;2022-Q2;75.522894;;
Q;Quarterly;IT;Italy;EMP_R;Employment rate;9;Total;Y35-49;35-49 years;2022-Q3;75.159878;;
Q;Quarterly;IT;Italy;EMP_R;Employment rate;9;Total;Y35-49;35-49 years;2022-Q4;75.938454;;
Q;Quarterly;IT;Italy;EMP_R;Employment rate;9;Total;Y35-49;35-49 years;2023-Q1;75.73984;;
Q;Quarterly;IT;Italy;EMP_R;Employment rate;9;Total;Y35-49;35-49 years;2023-Q2;76.51342;;
Q;Quarterly;IT;Italy;EMP_R;Employment rate;9;Total;Y35-49;35-49 years;2023-Q3;75.926438;;
Q;Quarterly;IT;Italy;EMP_R;Employment rate;9;Total;Y35-49;35-49 years;2023-Q4;77.15366;;
Q;Quarterly;IT;Italy;EMP_R;Employment rate;9;Total;Y35-49;35-49 years;2024-Q1;76.824323;;
Q;Quarterly;IT;Italy;EMP_R;Employment rate;9;Total;Y35-49;35-49 years;2024-Q2;77.748619;;
Q;Quarterly;IT;Italy;EMP_R;Employment rate;9;Total;Y35-49;35-49 years;2024-Q3;76.92253;;
Q;Quarterly;IT;Italy;EMP_R;Employment rate;9;Total;Y35-49;35-49 years;2024-Q4;77.315952;;
Q;Quarterly;IT;Italy;EMP_R;Employment rate;9;Total;Y35-49;35-49 years;2025-Q1;77.734085;;
Q;Quarterly;IT;Italy;EMP_R;Employment rate;9;Total;Y35-49;35-49 years;2025-Q2;77.729816;;
Q;Quarterly;IT;Italy;EMP_R;Employment rate;9;Total;Y45-54;45-54 years;2018-Q1;71.13617;;
Q;Quarterly;IT;Italy;EMP_R;Employment rate;9;Total;Y45-54;45-54 years;2018-Q2;72.484439;;
Q;Quarterly;IT;Italy;EMP_R;Employment rate;9;Total;Y45-54;45-54 years;2018-Q3;72.644401;;
Q;Quarterly;IT;Italy;EMP_R;Employment rate;9;Total;Y45-54;45-54 years;2018-Q4;72.869056;;
Q;Quarterly;IT;Italy;EMP_R;Employment rate;9;Total;Y45-54;45-54 years;2019-Q1;72.147637;;
Q;Quarterly;IT;Italy;EMP_R;Employment rate;9;Total;Y45-54;45-54 years;2019-Q2;73.637243;;
Q;Quarterly;IT;Italy;EMP_R;Employment rate;9;Total;Y45-54;45-54 years;2019-Q3;73.499852;;
Q;Quarterly;IT;Italy;EMP_R;Employment rate;9;Total;Y45-54;45-54 years;2019-Q4;73.496927;;
Q;Quarterly;IT;Italy;EMP_R;Employment rate;9;Total;Y45-54;45-54 years;2020-Q1;72.407538;;
Q;Quarterly;IT;Italy;EMP_R;Employment rate;9;Total;Y45-54;45-54 years;2020-Q2;71.348888;;
Q;Quarterly;IT;Italy;EMP_R;Employment rate;9;Total;Y45-54;45-54 years;2020-Q3;71.778985;;
Q;Quarterly;IT;Italy;EMP_R;Employment rate;9;Total;Y45-54;45-54 years;2020-Q4;72.71056;;
Q;Quarterly;IT;Italy;EMP_R;Employment rate;9;Total;Y45-54;45-54 years;2021-Q1;70.839032;;
Q;Quarterly;IT;Italy;EMP_R;Employment rate;9;Total;Y45-54;45-54 years;2021-Q2;72.971635;;
Q;Quarterly;IT;Italy;EMP_R;Employment rate;9;Total;Y45-54;45-54 years;2021-Q3;73.864087;;
Q;Quarterly;IT;Italy;EMP_R;Employment rate;9;Total;Y45-54;45-54 years;2021-Q4;74.128105;;
Q;Quarterly;IT;Italy;EMP_R;Employment rate;9;Total;Y45-54;45-54 years;2022-Q1;73.580432;;
Q;Quarterly;IT;Italy;EMP_R;Employment rate;9;Total;Y45-54;45-54 years;2022-Q2;75.095466;;
Q;Quarterly;IT;Italy;EMP_R;Employment rate;9;Total;Y45-54;45-54 years;2022-Q3;75.032101;;
Q;Quarterly;IT;Italy;EMP_R;Employment rate;9;Total;Y45-54;45-54 years;2022-Q4;75.138147;;
Q;Quarterly;IT;Italy;EMP_R;Employment rate;9;Total;Y45-54;45-54 years;2023-Q1;74.536176;;
Q;Quarterly;IT;Italy;EMP_R;Employment rate;9;Total;Y45-54;45-54 years;2023-Q2;75.641268;;
Q;Quarterly;IT;Italy;EMP_R;Employment rate;9;Total;Y45-54;45-54 years;2023-Q3;75.749731;;
Q;Quarterly;IT;Italy;EMP_R;Employment rate;9;Total;Y45-54;45-54 years;2023-Q4;77.130548;;
Q;Quarterly;IT;Italy;EMP_R;Employment rate;9;Total;Y45-54;45-54 years;2024-Q1;76.275317;;
Q;Quarterly;IT;Italy;EMP_R;Employment rate;9;Total;Y45-54;45-54 years;2024-Q2;77.168006;;
Q;Quarterly;IT;Italy;EMP_R;Employment rate;9;Total;Y45-54;45-54 years;2024-Q3;77.464103;;
Q;Quarterly;IT;Italy;EMP_R;Employment rate;9;Total;Y45-54;45-54 years;2024-Q4;77.187537;;
Q;Quarterly;IT;Italy;EMP_R;Employment rate;9;Total;Y45-54;45-54 years;2025-Q1;77.253508;;
Q;Quarterly;IT;Italy;EMP_R;Employment rate;9;Total;Y45-54;45-54 years;2025-Q2;77.661162;;
Q;Quarterly;IT;Italy;EMP_R;Employment rate;9;Total;Y55-64;55-64 years;2018-Q1;52.757583;;
Q;Quarterly;IT;Italy;EMP_R;Employment rate;9;Total;Y55-64;55-64 years;2018-Q2;53.852856;;
Q;Quarterly;IT;Italy;EMP_R;Employment rate;9;Total;Y55-64;55-64 years;2018-Q3;53.688195;;
Q;Quarterly;IT;Italy;EMP_R;Employment rate;9;Total;Y55-64;55-64 years;2018-Q4;53.627138;;
Q;Quarterly;IT;Italy;EMP_R;Employment rate;9;Total;Y55-64;55-64 years;2019-Q1;53.39433;;
Q;Quarterly;IT;Italy;EMP_R;Employment rate;9;Total;Y55-64;55-64 years;2019-Q2;54.651762;;
Q;Quarterly;IT;Italy;EMP_R;Employment rate;9;Total;Y55-64;55-64 years;2019-Q3;54.138973;;
Q;Quarterly;IT;Italy;EMP_R;Employment rate;9;Total;Y55-64;55-64 years;2019-Q4;54.20229;;
Q;Quarterly;IT;Italy;EMP_R;Employment rate;9;Total;Y55-64;55-64 years;2020-Q1;53.982903;;
Q;Quarterly;IT;Italy;EMP_R;Employment rate;9;Total;Y55-64;55-64 years;2020-Q2;53.028581;;
Q;Quarterly;IT;Italy;EMP_R;Employment rate;9;Total;Y55-64;55-64 years;2020-Q3;52.952316;;
Q;Quarterly;IT;Italy;EMP_R;Employment rate;9;Total;Y55-64;55-64 years;2020-Q4;53.095709;;
Q;Quarterly;IT;Italy;EMP_R;Employment rate;9;Total;Y55-64;55-64 years;2021-Q1;52.138426;;
Q;Quarterly;IT;Italy;EMP_R;Employment rate;9;Total;Y55-64;55-64 years;2021-Q2;53.421798;;
Q;Quarterly;IT;Italy;EMP_R;Employment rate;9;Total;Y55-64;55-64 years;2021-Q3;53.92533;;
Q;Quarterly;IT;Italy;EMP_R;Employment rate;9;Total;Y55-64;55-64 years;2021-Q4;54.128575;;
Q;Quarterly;IT;Italy;EMP_R;Employment rate;9;Total;Y55-64;55-64 years;2022-Q1;53.929194;;
Q;Quarterly;IT;Italy;EMP_R;Employment rate;9;Total;Y55-64;55-64 years;2022-Q2;54.987485;;
Q;Quarterly;IT;Italy;EMP_R;Employment rate;9;Total;Y55-64;55-64 years;2022-Q3;55.118438;;
Q;Quarterly;IT;Italy;EMP_R;Employment rate;9;Total;Y55-64;55-64 years;2022-Q4;55.995429;;
Q;Quarterly;IT;Italy;EMP_R;Employment rate;9;Total;Y55-64;55-64 years;2023-Q1;56.162512;;
Q;Quarterly;IT;Italy;EMP_R;Employment rate;9;Total;Y55-64;55-64 years;2023-Q2;57.204211;;
Q;Quarterly;IT;Italy;EMP_R;Employment rate;9;Total;Y55-64;55-64 years;2023-Q3;58.178516;;
Q;Quarterly;IT;Italy;EMP_R;Employment rate;9;Total;Y55-64;55-64 years;2023-Q4;57.531599;;
Q;Quarterly;IT;Italy;EMP_R;Employment rate;9;Total;Y55-64;55-64 years;2024-Q1;57.812196;;
Q;Quarterly;IT;Italy;EMP_R;Employment rate;9;Total;Y55-64;55-64 years;2024-Q2;58.636714;;
Q;Quarterly;IT;Italy;EMP_R;Employment rate;9;Total;Y55-64;55-64 years;2024-Q3;59.833976;;
Q;Quarterly;IT;Italy;EMP_R;Employment rate;9;Total;Y55-64;55-64 years;2024-Q4;59.725993;;
Q;Quarterly;IT;Italy;EMP_R;Employment rate;9;Total;Y55-64;55-64 years;2025-Q1;60.221324;;
Q;Quarterly;IT;Italy;EMP_R;Employment rate;9;Total;Y55-64;55-64 years;2025-Q2;61.130368;;
Q;Quarterly;IT;Italy;EMP_R;Employment rate;9;Total;Y50-64;50-64 years;2004-Q1;41.052809;;
Q;Quarterly;IT;Italy;EMP_R;Employment rate;9;Total;Y50-64;50-64 years;2004-Q2;42.137185;;
Q;Quarterly;IT;Italy;EMP_R;Employment rate;9;Total;Y50-64;50-64 years;2004-Q3;42.740151;;
Q;Quarterly;IT;Italy;EMP_R;Employment rate;9;Total;Y50-64;50-64 years;2004-Q4;43.388972;;
Q;Quarterly;IT;Italy;EMP_R;Employment rate;9;Total;Y50-64;50-64 years;2005-Q1;42.640709;;
Q;Quarterly;IT;Italy;EMP_R;Employment rate;9;Total;Y50-64;50-64 years;2005-Q2;43.242901;;
Q;Quarterly;IT;Italy;EMP_R;Employment rate;9;Total;Y50-64;50-64 years;2005-Q3;43.367578;;
Q;Quarterly;IT;Italy;EMP_R;Employment rate;9;Total;Y50-64;50-64 years;2005-Q4;44.029963;;
Q;Quarterly;IT;Italy;EMP_R;Employment rate;9;Total;Y50-64;50-64 years;2006-Q1;43.751309;;
Q;Quarterly;IT;Italy;EMP_R;Employment rate;9;Total;Y50-64;50-64 years;2006-Q2;44.853334;;
Q;Quarterly;IT;Italy;EMP_R;Employment rate;9;Total;Y50-64;50-64 years;2006-Q3;44.900851;;
Q;Quarterly;IT;Italy;EMP_R;Employment rate;9;Total;Y50-64;50-64 years;2006-Q4;45.230356;;
Q;Quarterly;IT;Italy;EMP_R;Employment rate;9;Total;Y50-64;50-64 years;2007-Q1;45.317625;;
Q;Quarterly;IT;Italy;EMP_R;Employment rate;9;Total;Y50-64;50-64 years;2007-Q2;46.211591;;
Q;Quarterly;IT;Italy;EMP_R;Employment rate;9;Total;Y50-64;50-64 years;2007-Q3;46.342709;;
Q;Quarterly;IT;Italy;EMP_R;Employment rate;9;Total;Y50-64;50-64 years;2007-Q4;46.2439;;
Q;Quarterly;IT;Italy;EMP_R;Employment rate;9;Total;Y50-64;50-64 years;2008-Q1;45.785406;;
Q;Quarterly;IT;Italy;EMP_R;Employment rate;9;Total;Y50-64;50-64 years;2008-Q2;47.044083;;
Q;Quarterly;IT;Italy;EMP_R;Employment rate;9;Total;Y50-64;50-64 years;2008-Q3;47.126604;;
Q;Quarterly;IT;Italy;EMP_R;Employment rate;9;Total;Y50-64;50-64 years;2008-Q4;47.0889;;
Q;Quarterly;IT;Italy;EMP_R;Employment rate;9;Total;Y50-64;50-64 years;2009-Q1;46.578948;;
Q;Quarterly;IT;Italy;EMP_R;Employment rate;9;Total;Y50-64;50-64 years;2009-Q2;47.568689;;
Q;Quarterly;IT;Italy;EMP_R;Employment rate;9;Total;Y50-64;50-64 years;2009-Q3;47.149008;;
Q;Quarterly;IT;Italy;EMP_R;Employment rate;9;Total;Y50-64;50-64 years;2009-Q4;47.0548;;
Q;Quarterly;IT;Italy;EMP_R;Employment rate;9;Total;Y50-64;50-64 years;2010-Q1;47.161638;;
Q;Quarterly;IT;Italy;EMP_R;Employment rate;9;Total;Y50-64;50-64 years;2010-Q2;47.599061;;
Q;Quarterly;IT;Italy;EMP_R;Employment rate;9;Total;Y50-64;50-64 years;2010-Q3;47.823496;;
Q;Quarterly;IT;Italy;EMP_R;Employment rate;9;Total;Y50-64;50-64 years;2010-Q4;47.996743;;
Q;Quarterly;IT;Italy;EMP_R;Employment rate;9;Total;Y50-64;50-64 years;2011-Q1;48.108248;;
Q;Quarterly;IT;Italy;EMP_R;Employment rate;9;Total;Y50-64;50-64 years;2011-Q2;48.728144;;
Q;Quarterly;IT;Italy;EMP_R;Employment rate;9;Total;Y50-64;50-64 years;2011-Q3;49.105576;;
Q;Quarterly;IT;Italy;EMP_R;Employment rate;9;Total;Y50-64;50-64 years;2011-Q4;49.384315;;
Q;Quarterly;IT;Italy;EMP_R;Employment rate;9;Total;Y50-64;50-64 years;2012-Q1;49.458798;;
Q;Quarterly;IT;Italy;EMP_R;Employment rate;9;Total;Y50-64;50-64 years;2012-Q2;50.397823;;
Q;Quarterly;IT;Italy;EMP_R;Employment rate;9;Total;Y50-64;50-64 years;2012-Q3;50.702467;;
Q;Quarterly;IT;Italy;EMP_R;Employment rate;9;Total;Y50-64;50-64 years;2012-Q4;51.051775;;
Q;Quarterly;IT;Italy;EMP_R;Employment rate;9;Total;Y50-64;50-64 years;2013-Q1;50.508447;;
Q;Quarterly;IT;Italy;EMP_R;Employment rate;9;Total;Y50-64;50-64 years;2013-Q2;51.538592;;
Q;Quarterly;IT;Italy;EMP_R;Employment rate;9;Total;Y50-64;50-64 years;2013-Q3;52.335471;;
Q;Quarterly;IT;Italy;EMP_R;Employment rate;9;Total;Y50-64;50-64 years;2013-Q4;52.960176;;
Q;Quarterly;IT;Italy;EMP_R;Employment rate;9;Total;Y50-64;50-64 years;2014-Q1;52.99772;;
Q;Quarterly;IT;Italy;EMP_R;Employment rate;9;Total;Y50-64;50-64 years;2014-Q2;53.903519;;
Q;Quarterly;IT;Italy;EMP_R;Employment rate;9;Total;Y50-64;50-64 years;2014-Q3;54.68731;;
Q;Quarterly;IT;Italy;EMP_R;Employment rate;9;Total;Y50-64;50-64 years;2014-Q4;54.97136;;
Q;Quarterly;IT;Italy;EMP_R;Employment rate;9;Total;Y50-64;50-64 years;2015-Q1;54.922753;;
Q;Quarterly;IT;Italy;EMP_R;Employment rate;9;Total;Y50-64;50-64 years;2015-Q2;56.215476;;
Q;Quarterly;IT;Italy;EMP_R;Employment rate;9;Total;Y50-64;50-64 years;2015-Q3;56.149361;;
Q;Quarterly;IT;Italy;EMP_R;Employment rate;9;Total;Y50-64;50-64 years;2015-Q4;56.241542;;
Q;Quarterly;IT;Italy;EMP_R;Employment rate;9;Total;Y50-64;50-64 years;2016-Q1;56.900908;;
Q;Quarterly;IT;Italy;EMP_R;Employment rate;9;Total;Y50-64;50-64 years;2016-Q2;58.007297;;
Q;Quarterly;IT;Italy;EMP_R;Employment rate;9;Total;Y50-64;50-64 years;2016-Q3;57.839177;;
Q;Quarterly;IT;Italy;EMP_R;Employment rate;9;Total;Y50-64;50-64 years;2016-Q4;58.243749;;
Q;Quarterly;IT;Italy;EMP_R;Employment rate;9;Total;Y50-64;50-64 years;2017-Q1;58.06176;;
Q;Quarterly;IT;Italy;EMP_R;Employment rate;9;Total;Y50-64;50-64 years;2017-Q2;59.044758;;
Q;Quarterly;IT;Italy;EMP_R;Employment rate;9;Total;Y50-64;50-64 years;2017-Q3;58.976512;;
Q;Quarterly;IT;Italy;EMP_R;Employment rate;9;Total;Y50-64;50-64 years;2017-Q4;59.681552;;
Q;Quarterly;IT;Italy;EMP_R;Employment rate;9;Total;Y50-64;50-64 years;2018-Q1;59.368287;;
Q;Quarterly;IT;Italy;EMP_R;Employment rate;9;Total;Y50-64;50-64 years;2018-Q2;60.36097;;
Q;Quarterly;IT;Italy;EMP_R;Employment rate;9;Total;Y50-64;50-64 years;2018-Q3;60.334037;;
Q;Quarterly;IT;Italy;EMP_R;Employment rate;9;Total;Y50-64;50-64 years;2018-Q4;60.436514;;
Q;Quarterly;IT;Italy;EMP_R;Employment rate;9;Total;Y50-64;50-64 years;2019-Q1;60.011014;;
Q;Quarterly;IT;Italy;EMP_R;Employment rate;9;Total;Y50-64;50-64 years;2019-Q2;61.322707;;
Q;Quarterly;IT;Italy;EMP_R;Employment rate;9;Total;Y50-64;50-64 years;2019-Q3;61.025604;;
Q;Quarterly;IT;Italy;EMP_R;Employment rate;9;Total;Y50-64;50-64 years;2019-Q4;61.039299;;
Q;Quarterly;IT;Italy;EMP_R;Employment rate;9;Total;Y50-64;50-64 years;2020-Q1;60.506433;;
Q;Quarterly;IT;Italy;EMP_R;Employment rate;9;Total;Y50-64;50-64 years;2020-Q2;59.663632;;
Q;Quarterly;IT;Italy;EMP_R;Employment rate;9;Total;Y50-64;50-64 years;2020-Q3;59.582104;;
Q;Quarterly;IT;Italy;EMP_R;Employment rate;9;Total;Y50-64;50-64 years;2020-Q4;59.998855;;
Q;Quarterly;IT;Italy;EMP_R;Employment rate;9;Total;Y50-64;50-64 years;2021-Q1;58.643869;;
Q;Quarterly;IT;Italy;EMP_R;Employment rate;9;Total;Y50-64;50-64 years;2021-Q2;60.018738;;
Q;Quarterly;IT;Italy;EMP_R;Employment rate;9;Total;Y50-64;50-64 years;2021-Q3;60.448338;;
Q;Quarterly;IT;Italy;EMP_R;Employment rate;9;Total;Y50-64;50-64 years;2021-Q4;60.990546;;
Q;Quarterly;IT;Italy;EMP_R;Employment rate;9;Total;Y50-64;50-64 years;2022-Q1;60.636869;;
Q;Quarterly;IT;Italy;EMP_R;Employment rate;9;Total;Y50-64;50-64 years;2022-Q2;61.688123;;
Q;Quarterly;IT;Italy;EMP_R;Employment rate;9;Total;Y50-64;50-64 years;2022-Q3;61.745145;;
Q;Quarterly;IT;Italy;EMP_R;Employment rate;9;Total;Y50-64;50-64 years;2022-Q4;62.009979;;
Q;Quarterly;IT;Italy;EMP_R;Employment rate;9;Total;Y50-64;50-64 years;2023-Q1;62.148476;;
Q;Quarterly;IT;Italy;EMP_R;Employment rate;9;Total;Y50-64;50-64 years;2023-Q2;63.243319;;
Q;Quarterly;IT;Italy;EMP_R;Employment rate;9;Total;Y50-64;50-64 years;2023-Q3;64.090381;;
Q;Quarterly;IT;Italy;EMP_R;Employment rate;9;Total;Y50-64;50-64 years;2023-Q4;64.021292;;
Q;Quarterly;IT;Italy;EMP_R;Employment rate;9;Total;Y50-64;50-64 years;2024-Q1;63.581974;;
Q;Quarterly;IT;Italy;EMP_R;Employment rate;9;Total;Y50-64;50-64 years;2024-Q2;64.502026;;
Q;Quarterly;IT;Italy;EMP_R;Employment rate;9;Total;Y50-64;50-64 years;2024-Q3;65.486502;;
Q;Quarterly;IT;Italy;EMP_R;Employment rate;9;Total;Y50-64;50-64 years;2024-Q4;65.349913;;
Q;Quarterly;IT;Italy;EMP_R;Employment rate;9;Total;Y50-64;50-64 years;2025-Q1;65.785445;;
Q;Quarterly;IT;Italy;EMP_R;Employment rate;9;Total;Y50-64;50-64 years;2025-Q2;66.454256;;
Q;Quarterly;IT;Italy;EMP_R;Employment rate;9;Total;Y20-64;20-64 years;2004-Q1;60.586638;;
Q;Quarterly;IT;Italy;EMP_R;Employment rate;9;Total;Y20-64;20-64 years;2004-Q2;61.352949;;
Q;Quarterly;IT;Italy;EMP_R;Employment rate;9;Total;Y20-64;20-64 years;2004-Q3;61.456391;;
Q;Quarterly;IT;Italy;EMP_R;Employment rate;9;Total;Y20-64;20-64 years;2004-Q4;61.649709;;
Q;Quarterly;IT;Italy;EMP_R;Employment rate;9;Total;Y20-64;20-64 years;2005-Q1;60.929552;;
Q;Quarterly;IT;Italy;EMP_R;Employment rate;9;Total;Y20-64;20-64 years;2005-Q2;61.530781;;
Q;Quarterly;IT;Italy;EMP_R;Employment rate;9;Total;Y20-64;20-64 years;2005-Q3;61.131515;;
Q;Quarterly;IT;Italy;EMP_R;Employment rate;9;Total;Y20-64;20-64 years;2005-Q4;61.570702;;
Q;Quarterly;IT;Italy;EMP_R;Employment rate;9;Total;Y20-64;20-64 years;2006-Q1;61.647344;;
Q;Quarterly;IT;Italy;EMP_R;Employment rate;9;Total;Y20-64;20-64 years;2006-Q2;62.719144;;
Q;Quarterly;IT;Italy;EMP_R;Employment rate;9;Total;Y20-64;20-64 years;2006-Q3;62.175787;;
Q;Quarterly;IT;Italy;EMP_R;Employment rate;9;Total;Y20-64;20-64 years;2006-Q4;62.418454;;
Q;Quarterly;IT;Italy;EMP_R;Employment rate;9;Total;Y20-64;20-64 years;2007-Q1;61.708363;;
Q;Quarterly;IT;Italy;EMP_R;Employment rate;9;Total;Y20-64;20-64 years;2007-Q2;62.766142;;
Q;Quarterly;IT;Italy;EMP_R;Employment rate;9;Total;Y20-64;20-64 years;2007-Q3;62.898051;;
Q;Quarterly;IT;Italy;EMP_R;Employment rate;9;Total;Y20-64;20-64 years;2007-Q4;62.819878;;
Q;Quarterly;IT;Italy;EMP_R;Employment rate;9;Total;Y20-64;20-64 years;2008-Q1;62.300092;;
Q;Quarterly;IT;Italy;EMP_R;Employment rate;9;Total;Y20-64;20-64 years;2008-Q2;63.178339;;
Q;Quarterly;IT;Italy;EMP_R;Employment rate;9;Total;Y20-64;20-64 years;2008-Q3;62.952255;;
Q;Quarterly;IT;Italy;EMP_R;Employment rate;9;Total;Y20-64;20-64 years;2008-Q4;62.420753;;
Q;Quarterly;IT;Italy;EMP_R;Employment rate;9;Total;Y20-64;20-64 years;2009-Q1;61.231892;;
Q;Quarterly;IT;Italy;EMP_R;Employment rate;9;Total;Y20-64;20-64 years;2009-Q2;61.679267;;
Q;Quarterly;IT;Italy;EMP_R;Employment rate;9;Total;Y20-64;20-64 years;2009-Q3;60.969208;;
Q;Quarterly;IT;Italy;EMP_R;Employment rate;9;Total;Y20-64;20-64 years;2009-Q4;60.614815;;
Q;Quarterly;IT;Italy;EMP_R;Employment rate;9;Total;Y20-64;20-64 years;2010-Q1;60.204412;;
Q;Quarterly;IT;Italy;EMP_R;Employment rate;9;Total;Y20-64;20-64 years;2010-Q2;60.846771;;
Q;Quarterly;IT;Italy;EMP_R;Employment rate;9;Total;Y20-64;20-64 years;2010-Q3;60.248075;;
Q;Quarterly;IT;Italy;EMP_R;Employment rate;9;Total;Y20-64;20-64 years;2010-Q4;60.551768;;
Q;Quarterly;IT;Italy;EMP_R;Employment rate;9;Total;Y20-64;20-64 years;2011-Q1;60.380144;;
Q;Quarterly;IT;Italy;EMP_R;Employment rate;9;Total;Y20-64;20-64 years;2011-Q2;60.92048;;
Q;Quarterly;IT;Italy;EMP_R;Employment rate;9;Total;Y20-64;20-64 years;2011-Q3;60.49325;;
Q;Quarterly;IT;Italy;EMP_R;Employment rate;9;Total;Y20-64;20-64 years;2011-Q4;60.403955;;
Q;Quarterly;IT;Italy;EMP_R;Employment rate;9;Total;Y20-64;20-64 years;2012-Q1;59.98524;;
Q;Quarterly;IT;Italy;EMP_R;Employment rate;9;Total;Y20-64;20-64 years;2012-Q2;60.669953;;
Q;Quarterly;IT;Italy;EMP_R;Employment rate;9;Total;Y20-64;20-64 years;2012-Q3;60.284386;;
Q;Quarterly;IT;Italy;EMP_R;Employment rate;9;Total;Y20-64;20-64 years;2012-Q4;60.052366;;
Q;Quarterly;IT;Italy;EMP_R;Employment rate;9;Total;Y20-64;20-64 years;2013-Q1;58.917886;;
Q;Quarterly;IT;Italy;EMP_R;Employment rate;9;Total;Y20-64;20-64 years;2013-Q2;59.162215;;
Q;Quarterly;IT;Italy;EMP_R;Employment rate;9;Total;Y20-64;20-64 years;2013-Q3;59.090448;;
Q;Quarterly;IT;Italy;EMP_R;Employment rate;9;Total;Y20-64;20-64 years;2013-Q4;59.318775;;
Q;Quarterly;IT;Italy;EMP_R;Employment rate;9;Total;Y20-64;20-64 years;2014-Q1;58.789402;;
Q;Quarterly;IT;Italy;EMP_R;Employment rate;9;Total;Y20-64;20-64 years;2014-Q2;59.541965;;
Q;Quarterly;IT;Italy;EMP_R;Employment rate;9;Total;Y20-64;20-64 years;2014-Q3;59.703097;;
Q;Quarterly;IT;Italy;EMP_R;Employment rate;9;Total;Y20-64;20-64 years;2014-Q4;59.819398;;
Q;Quarterly;IT;Italy;EMP_R;Employment rate;9;Total;Y20-64;20-64 years;2015-Q1;59.36673;;
Q;Quarterly;IT;Italy;EMP_R;Employment rate;9;Total;Y20-64;20-64 years;2015-Q2;60.305672;;
Q;Quarterly;IT;Italy;EMP_R;Employment rate;9;Total;Y20-64;20-64 years;2015-Q3;60.675166;;
Q;Quarterly;IT;Italy;EMP_R;Employment rate;9;Total;Y20-64;20-64 years;2015-Q4;60.648275;;
Q;Quarterly;IT;Italy;EMP_R;Employment rate;9;Total;Y20-64;20-64 years;2016-Q1;60.404869;;
Q;Quarterly;IT;Italy;EMP_R;Employment rate;9;Total;Y20-64;20-64 years;2016-Q2;61.898695;;
Q;Quarterly;IT;Italy;EMP_R;Employment rate;9;Total;Y20-64;20-64 years;2016-Q3;61.732849;;
Q;Quarterly;IT;Italy;EMP_R;Employment rate;9;Total;Y20-64;20-64 years;2016-Q4;61.622046;;
Q;Quarterly;IT;Italy;EMP_R;Employment rate;9;Total;Y20-64;20-64 years;2017-Q1;61.441204;;
Q;Quarterly;IT;Italy;EMP_R;Employment rate;9;Total;Y20-64;20-64 years;2017-Q2;62.432993;;
Q;Quarterly;IT;Italy;EMP_R;Employment rate;9;Total;Y20-64;20-64 years;2017-Q3;62.625533;;
Q;Quarterly;IT;Italy;EMP_R;Employment rate;9;Total;Y20-64;20-64 years;2017-Q4;62.528329;;
Q;Quarterly;IT;Italy;EMP_R;Employment rate;9;Total;Y20-64;20-64 years;2018-Q1;62.008511;;
Q;Quarterly;IT;Italy;EMP_R;Employment rate;9;Total;Y20-64;20-64 years;2018-Q2;63.526022;;
Q;Quarterly;IT;Italy;EMP_R;Employment rate;9;Total;Y20-64;20-64 years;2018-Q3;63.334939;;
Q;Quarterly;IT;Italy;EMP_R;Employment rate;9;Total;Y20-64;20-64 years;2018-Q4;63.019383;;
Q;Quarterly;IT;Italy;EMP_R;Employment rate;9;Total;Y20-64;20-64 years;2019-Q1;62.654101;;
Q;Quarterly;IT;Italy;EMP_R;Employment rate;9;Total;Y20-64;20-64 years;2019-Q2;63.957137;;
Q;Quarterly;IT;Italy;EMP_R;Employment rate;9;Total;Y20-64;20-64 years;2019-Q3;63.837739;;
Q;Quarterly;IT;Italy;EMP_R;Employment rate;9;Total;Y20-64;20-64 years;2019-Q4;63.744294;;
Q;Quarterly;IT;Italy;EMP_R;Employment rate;9;Total;Y20-64;20-64 years;2020-Q1;62.819686;;
Q;Quarterly;IT;Italy;EMP_R;Employment rate;9;Total;Y20-64;20-64 years;2020-Q2;61.058934;;
Q;Quarterly;IT;Italy;EMP_R;Employment rate;9;Total;Y20-64;20-64 years;2020-Q3;61.751369;;
Q;Quarterly;IT;Italy;EMP_R;Employment rate;9;Total;Y20-64;20-64 years;2020-Q4;61.985733;;
Q;Quarterly;IT;Italy;EMP_R;Employment rate;9;Total;Y20-64;20-64 years;2021-Q1;60.440987;;
Q;Quarterly;IT;Italy;EMP_R;Employment rate;9;Total;Y20-64;20-64 years;2021-Q2;62.695972;;
Q;Quarterly;IT;Italy;EMP_R;Employment rate;9;Total;Y20-64;20-64 years;2021-Q3;63.732949;;
Q;Quarterly;IT;Italy;EMP_R;Employment rate;9;Total;Y20-64;20-64 years;2021-Q4;64.131267;;
Q;Quarterly;IT;Italy;EMP_R;Employment rate;9;Total;Y20-64;20-64 years;2022-Q1;63.743141;;
Q;Quarterly;IT;Italy;EMP_R;Employment rate;9;Total;Y20-64;20-64 years;2022-Q2;65.111946;;
Q;Quarterly;IT;Italy;EMP_R;Employment rate;9;Total;Y20-64;20-64 years;2022-Q3;64.915723;;
Q;Quarterly;IT;Italy;EMP_R;Employment rate;9;Total;Y20-64;20-64 years;2022-Q4;65.470362;;
Q;Quarterly;IT;Italy;EMP_R;Employment rate;9;Total;Y20-64;20-64 years;2023-Q1;65.372138;;
Q;Quarterly;IT;Italy;EMP_R;Employment rate;9;Total;Y20-64;20-64 years;2023-Q2;66.434149;;
Q;Quarterly;IT;Italy;EMP_R;Employment rate;9;Total;Y20-64;20-64 years;2023-Q3;66.271963;;
Q;Quarterly;IT;Italy;EMP_R;Employment rate;9;Total;Y20-64;20-64 years;2023-Q4;66.974533;;
Q;Quarterly;IT;Italy;EMP_R;Employment rate;9;Total;Y20-64;20-64 years;2024-Q1;66.412083;;
Q;Quarterly;IT;Italy;EMP_R;Employment rate;9;Total;Y20-64;20-64 years;2024-Q2;67.168526;;
Q;Quarterly;IT;Italy;EMP_R;Employment rate;9;Total;Y20-64;20-64 years;2024-Q3;67.470256;;
Q;Quarterly;IT;Italy;EMP_R;Employment rate;9;Total;Y20-64;20-64 years;2024-Q4;67.244824;;
Q;Quarterly;IT;Italy;EMP_R;Employment rate;9;Total;Y20-64;20-64 years;2025-Q1;67.504303;;
Q;Quarterly;IT;Italy;EMP_R;Employment rate;9;Total;Y20-64;20-64 years;2025-Q2;67.729954;;
Q;Quarterly;IT;Italy;EMP_R;Employment rate;9;Total;Y15-64;15-64 years;2004-Q1;56.74354;;
Q;Quarterly;IT;Italy;EMP_R;Employment rate;9;Total;Y15-64;15-64 years;2004-Q2;57.503633;;
Q;Quarterly;IT;Italy;EMP_R;Employment rate;9;Total;Y15-64;15-64 years;2004-Q3;57.693121;;
Q;Quarterly;IT;Italy;EMP_R;Employment rate;9;Total;Y15-64;15-64 years;2004-Q4;57.68257;;
Q;Quarterly;IT;Italy;EMP_R;Employment rate;9;Total;Y15-64;15-64 years;2005-Q1;57.012495;;
Q;Quarterly;IT;Italy;EMP_R;Employment rate;9;Total;Y15-64;15-64 years;2005-Q2;57.558068;;
Q;Quarterly;IT;Italy;EMP_R;Employment rate;9;Total;Y15-64;15-64 years;2005-Q3;57.212008;;
Q;Quarterly;IT;Italy;EMP_R;Employment rate;9;Total;Y15-64;15-64 years;2005-Q4;57.562796;;
Q;Quarterly;IT;Italy;EMP_R;Employment rate;9;Total;Y15-64;15-64 years;2006-Q1;57.64323;;
Q;Quarterly;IT;Italy;EMP_R;Employment rate;9;Total;Y15-64;15-64 years;2006-Q2;58.647812;;
Q;Quarterly;IT;Italy;EMP_R;Employment rate;9;Total;Y15-64;15-64 years;2006-Q3;58.156451;;
Q;Quarterly;IT;Italy;EMP_R;Employment rate;9;Total;Y15-64;15-64 years;2006-Q4;58.241622;;
Q;Quarterly;IT;Italy;EMP_R;Employment rate;9;Total;Y15-64;15-64 years;2007-Q1;57.589888;;
Q;Quarterly;IT;Italy;EMP_R;Employment rate;9;Total;Y15-64;15-64 years;2007-Q2;58.620167;;
Q;Quarterly;IT;Italy;EMP_R;Employment rate;9;Total;Y15-64;15-64 years;2007-Q3;58.80292;;
Q;Quarterly;IT;Italy;EMP_R;Employment rate;9;Total;Y15-64;15-64 years;2007-Q4;58.572885;;
Q;Quarterly;IT;Italy;EMP_R;Employment rate;9;Total;Y15-64;15-64 years;2008-Q1;58.085721;;
Q;Quarterly;IT;Italy;EMP_R;Employment rate;9;Total;Y15-64;15-64 years;2008-Q2;58.946899;;
Q;Quarterly;IT;Italy;EMP_R;Employment rate;9;Total;Y15-64;15-64 years;2008-Q3;58.741794;;
Q;Quarterly;IT;Italy;EMP_R;Employment rate;9;Total;Y15-64;15-64 years;2008-Q4;58.21344;;
Q;Quarterly;IT;Italy;EMP_R;Employment rate;9;Total;Y15-64;15-64 years;2009-Q1;57.031484;;
Q;Quarterly;IT;Italy;EMP_R;Employment rate;9;Total;Y15-64;15-64 years;2009-Q2;57.388699;;
Q;Quarterly;IT;Italy;EMP_R;Employment rate;9;Total;Y15-64;15-64 years;2009-Q3;56.831014;;
Q;Quarterly;IT;Italy;EMP_R;Employment rate;9;Total;Y15-64;15-64 years;2009-Q4;56.410096;;
Q;Quarterly;IT;Italy;EMP_R;Employment rate;9;Total;Y15-64;15-64 years;2010-Q1;56.009032;;
Q;Quarterly;IT;Italy;EMP_R;Employment rate;9;Total;Y15-64;15-64 years;2010-Q2;56.627244;;
Q;Quarterly;IT;Italy;EMP_R;Employment rate;9;Total;Y15-64;15-64 years;2010-Q3;56.101437;;
Q;Quarterly;IT;Italy;EMP_R;Employment rate;9;Total;Y15-64;15-64 years;2010-Q4;56.345114;;
Q;Quarterly;IT;Italy;EMP_R;Employment rate;9;Total;Y15-64;15-64 years;2011-Q1;56.183051;;
Q;Quarterly;IT;Italy;EMP_R;Employment rate;9;Total;Y15-64;15-64 years;2011-Q2;56.681665;;
Q;Quarterly;IT;Italy;EMP_R;Employment rate;9;Total;Y15-64;15-64 years;2011-Q3;56.309665;;
Q;Quarterly;IT;Italy;EMP_R;Employment rate;9;Total;Y15-64;15-64 years;2011-Q4;56.181482;;
Q;Quarterly;IT;Italy;EMP_R;Employment rate;9;Total;Y15-64;15-64 years;2012-Q1;55.819537;;
Q;Quarterly;IT;Italy;EMP_R;Employment rate;9;Total;Y15-64;15-64 years;2012-Q2;56.460807;;
Q;Quarterly;IT;Italy;EMP_R;Employment rate;9;Total;Y15-64;15-64 years;2012-Q3;56.159243;;
Q;Quarterly;IT;Italy;EMP_R;Employment rate;9;Total;Y15-64;15-64 years;2012-Q4;55.840972;;
Q;Quarterly;IT;Italy;EMP_R;Employment rate;9;Total;Y15-64;15-64 years;2013-Q1;54.748696;;
Q;Quarterly;IT;Italy;EMP_R;Employment rate;9;Total;Y15-64;15-64 years;2013-Q2;55.0379;;
Q;Quarterly;IT;Italy;EMP_R;Employment rate;9;Total;Y15-64;15-64 years;2013-Q3;54.991284;;
Q;Quarterly;IT;Italy;EMP_R;Employment rate;9;Total;Y15-64;15-64 years;2013-Q4;55.132593;;
Q;Quarterly;IT;Italy;EMP_R;Employment rate;9;Total;Y15-64;15-64 years;2014-Q1;54.633381;;
Q;Quarterly;IT;Italy;EMP_R;Employment rate;9;Total;Y15-64;15-64 years;2014-Q2;55.353392;;
Q;Quarterly;IT;Italy;EMP_R;Employment rate;9;Total;Y15-64;15-64 years;2014-Q3;55.54253;;
Q;Quarterly;IT;Italy;EMP_R;Employment rate;9;Total;Y15-64;15-64 years;2014-Q4;55.608462;;
Q;Quarterly;IT;Italy;EMP_R;Employment rate;9;Total;Y15-64;15-64 years;2015-Q1;55.172537;;
Q;Quarterly;IT;Italy;EMP_R;Employment rate;9;Total;Y15-64;15-64 years;2015-Q2;56.020028;;
Q;Quarterly;IT;Italy;EMP_R;Employment rate;9;Total;Y15-64;15-64 years;2015-Q3;56.462929;;
Q;Quarterly;IT;Italy;EMP_R;Employment rate;9;Total;Y15-64;15-64 years;2015-Q4;56.392118;;
Q;Quarterly;IT;Italy;EMP_R;Employment rate;9;Total;Y15-64;15-64 years;2016-Q1;56.105862;;
Q;Quarterly;IT;Italy;EMP_R;Employment rate;9;Total;Y15-64;15-64 years;2016-Q2;57.498981;;
Q;Quarterly;IT;Italy;EMP_R;Employment rate;9;Total;Y15-64;15-64 years;2016-Q3;57.401924;;
Q;Quarterly;IT;Italy;EMP_R;Employment rate;9;Total;Y15-64;15-64 years;2016-Q4;57.233352;;
Q;Quarterly;IT;Italy;EMP_R;Employment rate;9;Total;Y15-64;15-64 years;2017-Q1;57.081793;;
Q;Quarterly;IT;Italy;EMP_R;Employment rate;9;Total;Y15-64;15-64 years;2017-Q2;58.012825;;
Q;Quarterly;IT;Italy;EMP_R;Employment rate;9;Total;Y15-64;15-64 years;2017-Q3;58.256931;;
Q;Quarterly;IT;Italy;EMP_R;Employment rate;9;Total;Y15-64;15-64 years;2017-Q4;58.088423;;
Q;Quarterly;IT;Italy;EMP_R;Employment rate;9;Total;Y15-64;15-64 years;2018-Q1;57.615744;;
Q;Quarterly;IT;Italy;EMP_R;Employment rate;9;Total;Y15-64;15-64 years;2018-Q2;59.041104;;
Q;Quarterly;IT;Italy;EMP_R;Employment rate;9;Total;Y15-64;15-64 years;2018-Q3;58.889344;;
Q;Quarterly;IT;Italy;EMP_R;Employment rate;9;Total;Y15-64;15-64 years;2018-Q4;58.537286;;
Q;Quarterly;IT;Italy;EMP_R;Employment rate;9;Total;Y15-64;15-64 years;2019-Q1;58.196978;;
Q;Quarterly;IT;Italy;EMP_R;Employment rate;9;Total;Y15-64;15-64 years;2019-Q2;59.424272;;
Q;Quarterly;IT;Italy;EMP_R;Employment rate;9;Total;Y15-64;15-64 years;2019-Q3;59.363185;;
Q;Quarterly;IT;Italy;EMP_R;Employment rate;9;Total;Y15-64;15-64 years;2019-Q4;59.214592;;
Q;Quarterly;IT;Italy;EMP_R;Employment rate;9;Total;Y15-64;15-64 years;2020-Q1;58.315384;;
Q;Quarterly;IT;Italy;EMP_R;Employment rate;9;Total;Y15-64;15-64 years;2020-Q2;56.640425;;
Q;Quarterly;IT;Italy;EMP_R;Employment rate;9;Total;Y15-64;15-64 years;2020-Q3;57.365952;;
Q;Quarterly;IT;Italy;EMP_R;Employment rate;9;Total;Y15-64;15-64 years;2020-Q4;57.544477;;
Q;Quarterly;IT;Italy;EMP_R;Employment rate;9;Total;Y15-64;15-64 years;2021-Q1;56.066286;;
Q;Quarterly;IT;Italy;EMP_R;Employment rate;9;Total;Y15-64;15-64 years;2021-Q2;58.18831;;
Q;Quarterly;IT;Italy;EMP_R;Employment rate;9;Total;Y15-64;15-64 years;2021-Q3;59.161019;;
Q;Quarterly;IT;Italy;EMP_R;Employment rate;9;Total;Y15-64;15-64 years;2021-Q4;59.492931;;
Q;Quarterly;IT;Italy;EMP_R;Employment rate;9;Total;Y15-64;15-64 years;2022-Q1;59.100356;;
Q;Quarterly;IT;Italy;EMP_R;Employment rate;9;Total;Y15-64;15-64 years;2022-Q2;60.462567;;
Q;Quarterly;IT;Italy;EMP_R;Employment rate;9;Total;Y15-64;15-64 years;2022-Q3;60.283463;;
Q;Quarterly;IT;Italy;EMP_R;Employment rate;9;Total;Y15-64;15-64 years;2022-Q4;60.723967;;
Q;Quarterly;IT;Italy;EMP_R;Employment rate;9;Total;Y15-64;15-64 years;2023-Q1;60.627308;;
Q;Quarterly;IT;Italy;EMP_R;Employment rate;9;Total;Y15-64;15-64 years;2023-Q2;61.613873;;
Q;Quarterly;IT;Italy;EMP_R;Employment rate;9;Total;Y15-64;15-64 years;2023-Q3;61.561669;;
Q;Quarterly;IT;Italy;EMP_R;Employment rate;9;Total;Y15-64;15-64 years;2023-Q4;62.114889;;
Q;Quarterly;IT;Italy;EMP_R;Employment rate;9;Total;Y15-64;15-64 years;2024-Q1;61.568886;;
Q;Quarterly;IT;Italy;EMP_R;Employment rate;9;Total;Y15-64;15-64 years;2024-Q2;62.289228;;
Q;Quarterly;IT;Italy;EMP_R;Employment rate;9;Total;Y15-64;15-64 years;2024-Q3;62.566258;;
Q;Quarterly;IT;Italy;EMP_R;Employment rate;9;Total;Y15-64;15-64 years;2024-Q4;62.29614;;
Q;Quarterly;IT;Italy;EMP_R;Employment rate;9;Total;Y15-64;15-64 years;2025-Q1;62.47752;;
Q;Quarterly;IT;Italy;EMP_R;Employment rate;9;Total;Y15-64;15-64 years;2025-Q2;62.701995;;
Q;Quarterly;IT;Italy;EMP_R;Employment rate;9;Total;Y15-74;15-74 years;2004-Q1;49.777618;;
Q;Quarterly;IT;Italy;EMP_R;Employment rate;9;Total;Y15-74;15-74 years;2004-Q2;50.474565;;
Q;Quarterly;IT;Italy;EMP_R;Employment rate;9;Total;Y15-74;15-74 years;2004-Q3;50.503615;;
Q;Quarterly;IT;Italy;EMP_R;Employment rate;9;Total;Y15-74;15-74 years;2004-Q4;50.510598;;
Q;Quarterly;IT;Italy;EMP_R;Employment rate;9;Total;Y15-74;15-74 years;2005-Q1;49.906837;;
Q;Quarterly;IT;Italy;EMP_R;Employment rate;9;Total;Y15-74;15-74 years;2005-Q2;50.407795;;
Q;Quarterly;IT;Italy;EMP_R;Employment rate;9;Total;Y15-74;15-74 years;2005-Q3;50.085869;;
Q;Quarterly;IT;Italy;EMP_R;Employment rate;9;Total;Y15-74;15-74 years;2005-Q4;50.345893;;
Q;Quarterly;IT;Italy;EMP_R;Employment rate;9;Total;Y15-74;15-74 years;2006-Q1;50.400879;;
Q;Quarterly;IT;Italy;EMP_R;Employment rate;9;Total;Y15-74;15-74 years;2006-Q2;51.342316;;
Q;Quarterly;IT;Italy;EMP_R;Employment rate;9;Total;Y15-74;15-74 years;2006-Q3;50.895086;;
Q;Quarterly;IT;Italy;EMP_R;Employment rate;9;Total;Y15-74;15-74 years;2006-Q4;50.923661;;
Q;Quarterly;IT;Italy;EMP_R;Employment rate;9;Total;Y15-74;15-74 years;2007-Q1;50.318186;;
Q;Quarterly;IT;Italy;EMP_R;Employment rate;9;Total;Y15-74;15-74 years;2007-Q2;51.297215;;
Q;Quarterly;IT;Italy;EMP_R;Employment rate;9;Total;Y15-74;15-74 years;2007-Q3;51.474216;;
Q;Quarterly;IT;Italy;EMP_R;Employment rate;9;Total;Y15-74;15-74 years;2007-Q4;51.283419;;
Q;Quarterly;IT;Italy;EMP_R;Employment rate;9;Total;Y15-74;15-74 years;2008-Q1;50.847278;;
Q;Quarterly;IT;Italy;EMP_R;Employment rate;9;Total;Y15-74;15-74 years;2008-Q2;51.647448;;
Q;Quarterly;IT;Italy;EMP_R;Employment rate;9;Total;Y15-74;15-74 years;2008-Q3;51.448091;;
Q;Quarterly;IT;Italy;EMP_R;Employment rate;9;Total;Y15-74;15-74 years;2008-Q4;50.958855;;
Q;Quarterly;IT;Italy;EMP_R;Employment rate;9;Total;Y15-74;15-74 years;2009-Q1;49.974267;;
Q;Quarterly;IT;Italy;EMP_R;Employment rate;9;Total;Y15-74;15-74 years;2009-Q2;50.267974;;
Q;Quarterly;IT;Italy;EMP_R;Employment rate;9;Total;Y15-74;15-74 years;2009-Q3;49.735545;;
Q;Quarterly;IT;Italy;EMP_R;Employment rate;9;Total;Y15-74;15-74 years;2009-Q4;49.429095;;
Q;Quarterly;IT;Italy;EMP_R;Employment rate;9;Total;Y15-74;15-74 years;2010-Q1;49.123208;;
Q;Quarterly;IT;Italy;EMP_R;Employment rate;9;Total;Y15-74;15-74 years;2010-Q2;49.655013;;
Q;Quarterly;IT;Italy;EMP_R;Employment rate;9;Total;Y15-74;15-74 years;2010-Q3;49.118831;;
Q;Quarterly;IT;Italy;EMP_R;Employment rate;9;Total;Y15-74;15-74 years;2010-Q4;49.38573;;
Q;Quarterly;IT;Italy;EMP_R;Employment rate;9;Total;Y15-74;15-74 years;2011-Q1;49.300049;;
Q;Quarterly;IT;Italy;EMP_R;Employment rate;9;Total;Y15-74;15-74 years;2011-Q2;49.723627;;
Q;Quarterly;IT;Italy;EMP_R;Employment rate;9;Total;Y15-74;15-74 years;2011-Q3;49.371335;;
Q;Quarterly;IT;Italy;EMP_R;Employment rate;9;Total;Y15-74;15-74 years;2011-Q4;49.268249;;
Q;Quarterly;IT;Italy;EMP_R;Employment rate;9;Total;Y15-74;15-74 years;2012-Q1;48.905446;;
Q;Quarterly;IT;Italy;EMP_R;Employment rate;9;Total;Y15-74;15-74 years;2012-Q2;49.448143;;
Q;Quarterly;IT;Italy;EMP_R;Employment rate;9;Total;Y15-74;15-74 years;2012-Q3;49.159822;;
Q;Quarterly;IT;Italy;EMP_R;Employment rate;9;Total;Y15-74;15-74 years;2012-Q4;48.884201;;
Q;Quarterly;IT;Italy;EMP_R;Employment rate;9;Total;Y15-74;15-74 years;2013-Q1;47.914972;;
Q;Quarterly;IT;Italy;EMP_R;Employment rate;9;Total;Y15-74;15-74 years;2013-Q2;48.154246;;
Q;Quarterly;IT;Italy;EMP_R;Employment rate;9;Total;Y15-74;15-74 years;2013-Q3;48.094044;;
Q;Quarterly;IT;Italy;EMP_R;Employment rate;9;Total;Y15-74;15-74 years;2013-Q4;48.151437;;
Q;Quarterly;IT;Italy;EMP_R;Employment rate;9;Total;Y15-74;15-74 years;2014-Q1;47.721003;;
Q;Quarterly;IT;Italy;EMP_R;Employment rate;9;Total;Y15-74;15-74 years;2014-Q2;48.374817;;
Q;Quarterly;IT;Italy;EMP_R;Employment rate;9;Total;Y15-74;15-74 years;2014-Q3;48.516502;;
Q;Quarterly;IT;Italy;EMP_R;Employment rate;9;Total;Y15-74;15-74 years;2014-Q4;48.5624;;
Q;Quarterly;IT;Italy;EMP_R;Employment rate;9;Total;Y15-74;15-74 years;2015-Q1;48.179407;;
Q;Quarterly;IT;Italy;EMP_R;Employment rate;9;Total;Y15-74;15-74 years;2015-Q2;48.965795;;
Q;Quarterly;IT;Italy;EMP_R;Employment rate;9;Total;Y15-74;15-74 years;2015-Q3;49.294125;;
Q;Quarterly;IT;Italy;EMP_R;Employment rate;9;Total;Y15-74;15-74 years;2015-Q4;49.172215;;
Q;Quarterly;IT;Italy;EMP_R;Employment rate;9;Total;Y15-74;15-74 years;2016-Q1;48.938356;;
Q;Quarterly;IT;Italy;EMP_R;Employment rate;9;Total;Y15-74;15-74 years;2016-Q2;50.152401;;
Q;Quarterly;IT;Italy;EMP_R;Employment rate;9;Total;Y15-74;15-74 years;2016-Q3;50.063489;;
Q;Quarterly;IT;Italy;EMP_R;Employment rate;9;Total;Y15-74;15-74 years;2016-Q4;49.978069;;
Q;Quarterly;IT;Italy;EMP_R;Employment rate;9;Total;Y15-74;15-74 years;2017-Q1;49.848199;;
Q;Quarterly;IT;Italy;EMP_R;Employment rate;9;Total;Y15-74;15-74 years;2017-Q2;50.677807;;
Q;Quarterly;IT;Italy;EMP_R;Employment rate;9;Total;Y15-74;15-74 years;2017-Q3;50.893322;;
Q;Quarterly;IT;Italy;EMP_R;Employment rate;9;Total;Y15-74;15-74 years;2017-Q4;50.749817;;
Q;Quarterly;IT;Italy;EMP_R;Employment rate;9;Total;Y15-74;15-74 years;2018-Q1;50.341593;;
Q;Quarterly;IT;Italy;EMP_R;Employment rate;9;Total;Y15-74;15-74 years;2018-Q2;51.664723;;
Q;Quarterly;IT;Italy;EMP_R;Employment rate;9;Total;Y15-74;15-74 years;2018-Q3;51.444873;;
Q;Quarterly;IT;Italy;EMP_R;Employment rate;9;Total;Y15-74;15-74 years;2018-Q4;51.100688;;
Q;Quarterly;IT;Italy;EMP_R;Employment rate;9;Total;Y15-74;15-74 years;2019-Q1;50.764002;;
Q;Quarterly;IT;Italy;EMP_R;Employment rate;9;Total;Y15-74;15-74 years;2019-Q2;51.949229;;
Q;Quarterly;IT;Italy;EMP_R;Employment rate;9;Total;Y15-74;15-74 years;2019-Q3;51.855807;;
Q;Quarterly;IT;Italy;EMP_R;Employment rate;9;Total;Y15-74;15-74 years;2019-Q4;51.635249;;
Q;Quarterly;IT;Italy;EMP_R;Employment rate;9;Total;Y15-74;15-74 years;2020-Q1;50.847013;;
Q;Quarterly;IT;Italy;EMP_R;Employment rate;9;Total;Y15-74;15-74 years;2020-Q2;49.376682;;
Q;Quarterly;IT;Italy;EMP_R;Employment rate;9;Total;Y15-74;15-74 years;2020-Q3;49.966367;;
Q;Quarterly;IT;Italy;EMP_R;Employment rate;9;Total;Y15-74;15-74 years;2020-Q4;50.050511;;
Q;Quarterly;IT;Italy;EMP_R;Employment rate;9;Total;Y15-74;15-74 years;2021-Q1;48.836896;;
Q;Quarterly;IT;Italy;EMP_R;Employment rate;9;Total;Y15-74;15-74 years;2021-Q2;50.591056;;
Q;Quarterly;IT;Italy;EMP_R;Employment rate;9;Total;Y15-74;15-74 years;2021-Q3;51.355182;;
Q;Quarterly;IT;Italy;EMP_R;Employment rate;9;Total;Y15-74;15-74 years;2021-Q4;51.6323;;
Q;Quarterly;IT;Italy;EMP_R;Employment rate;9;Total;Y15-74;15-74 years;2022-Q1;51.277819;;
Q;Quarterly;IT;Italy;EMP_R;Employment rate;9;Total;Y15-74;15-74 years;2022-Q2;52.518695;;
Q;Quarterly;IT;Italy;EMP_R;Employment rate;9;Total;Y15-74;15-74 years;2022-Q3;52.306559;;
Q;Quarterly;IT;Italy;EMP_R;Employment rate;9;Total;Y15-74;15-74 years;2022-Q4;52.638016;;
Q;Quarterly;IT;Italy;EMP_R;Employment rate;9;Total;Y15-74;15-74 years;2023-Q1;52.604965;;
Q;Quarterly;IT;Italy;EMP_R;Employment rate;9;Total;Y15-74;15-74 years;2023-Q2;53.535887;;
Q;Quarterly;IT;Italy;EMP_R;Employment rate;9;Total;Y15-74;15-74 years;2023-Q3;53.506363;;
Q;Quarterly;IT;Italy;EMP_R;Employment rate;9;Total;Y15-74;15-74 years;2023-Q4;53.973722;;
Q;Quarterly;IT;Italy;EMP_R;Employment rate;9;Total;Y15-74;15-74 years;2024-Q1;53.526953;;
Q;Quarterly;IT;Italy;EMP_R;Employment rate;9;Total;Y15-74;15-74 years;2024-Q2;54.206133;;
Q;Quarterly;IT;Italy;EMP_R;Employment rate;9;Total;Y15-74;15-74 years;2024-Q3;54.514242;;
Q;Quarterly;IT;Italy;EMP_R;Employment rate;9;Total;Y15-74;15-74 years;2024-Q4;54.177012;;
Q;Quarterly;IT;Italy;EMP_R;Employment rate;9;Total;Y15-74;15-74 years;2025-Q1;54.402426;;
Q;Quarterly;IT;Italy;EMP_R;Employment rate;9;Total;Y15-74;15-74 years;2025-Q2;54.684262;;
Q;Quarterly;IT;Italy;EMP_R;Employment rate;9;Total;Y50-89;50-89 years;2004-Q1;22.346409;;
Q;Quarterly;IT;Italy;EMP_R;Employment rate;9;Total;Y50-89;50-89 years;2004-Q2;22.973948;;
Q;Quarterly;IT;Italy;EMP_R;Employment rate;9;Total;Y50-89;50-89 years;2004-Q3;23.039236;;
Q;Quarterly;IT;Italy;EMP_R;Employment rate;9;Total;Y50-89;50-89 years;2004-Q4;23.362402;;
Q;Quarterly;IT;Italy;EMP_R;Employment rate;9;Total;Y50-89;50-89 years;2005-Q1;22.885351;;
Q;Quarterly;IT;Italy;EMP_R;Employment rate;9;Total;Y50-89;50-89 years;2005-Q2;23.242628;;
Q;Quarterly;IT;Italy;EMP_R;Employment rate;9;Total;Y50-89;50-89 years;2005-Q3;23.283005;;
Q;Quarterly;IT;Italy;EMP_R;Employment rate;9;Total;Y50-89;50-89 years;2005-Q4;23.489641;;
Q;Quarterly;IT;Italy;EMP_R;Employment rate;9;Total;Y50-89;50-89 years;2006-Q1;23.290647;;
Q;Quarterly;IT;Italy;EMP_R;Employment rate;9;Total;Y50-89;50-89 years;2006-Q2;24.019052;;
Q;Quarterly;IT;Italy;EMP_R;Employment rate;9;Total;Y50-89;50-89 years;2006-Q3;23.931884;;
Q;Quarterly;IT;Italy;EMP_R;Employment rate;9;Total;Y50-89;50-89 years;2006-Q4;24.001665;;
Q;Quarterly;IT;Italy;EMP_R;Employment rate;9;Total;Y50-89;50-89 years;2007-Q1;23.905097;;
Q;Quarterly;IT;Italy;EMP_R;Employment rate;9;Total;Y50-89;50-89 years;2007-Q2;24.540894;;
Q;Quarterly;IT;Italy;EMP_R;Employment rate;9;Total;Y50-89;50-89 years;2007-Q3;24.608514;;
Q;Quarterly;IT;Italy;EMP_R;Employment rate;9;Total;Y50-89;50-89 years;2007-Q4;24.610075;;
Q;Quarterly;IT;Italy;EMP_R;Employment rate;9;Total;Y50-89;50-89 years;2008-Q1;24.305314;;
Q;Quarterly;IT;Italy;EMP_R;Employment rate;9;Total;Y50-89;50-89 years;2008-Q2;25.012507;;
Q;Quarterly;IT;Italy;EMP_R;Employment rate;9;Total;Y50-89;50-89 years;2008-Q3;24.986648;;
Q;Quarterly;IT;Italy;EMP_R;Employment rate;9;Total;Y50-89;50-89 years;2008-Q4;24.841805;;
Q;Quarterly;IT;Italy;EMP_R;Employment rate;9;Total;Y50-89;50-89 years;2009-Q1;24.676856;;
Q;Quarterly;IT;Italy;EMP_R;Employment rate;9;Total;Y50-89;50-89 years;2009-Q2;25.12968;;
Q;Quarterly;IT;Italy;EMP_R;Employment rate;9;Total;Y50-89;50-89 years;2009-Q3;24.783381;;
Q;Quarterly;IT;Italy;EMP_R;Employment rate;9;Total;Y50-89;50-89 years;2009-Q4;24.865912;;
Q;Quarterly;IT;Italy;EMP_R;Employment rate;9;Total;Y50-89;50-89 years;2010-Q1;25.019488;;
Q;Quarterly;IT;Italy;EMP_R;Employment rate;9;Total;Y50-89;50-89 years;2010-Q2;25.298901;;
Q;Quarterly;IT;Italy;EMP_R;Employment rate;9;Total;Y50-89;50-89 years;2010-Q3;25.264693;;
Q;Quarterly;IT;Italy;EMP_R;Employment rate;9;Total;Y50-89;50-89 years;2010-Q4;25.476249;;
Q;Quarterly;IT;Italy;EMP_R;Employment rate;9;Total;Y50-89;50-89 years;2011-Q1;25.635571;;
Q;Quarterly;IT;Italy;EMP_R;Employment rate;9;Total;Y50-89;50-89 years;2011-Q2;26.006575;;
Q;Quarterly;IT;Italy;EMP_R;Employment rate;9;Total;Y50-89;50-89 years;2011-Q3;26.159401;;
Q;Quarterly;IT;Italy;EMP_R;Employment rate;9;Total;Y50-89;50-89 years;2011-Q4;26.329936;;
Q;Quarterly;IT;Italy;EMP_R;Employment rate;9;Total;Y50-89;50-89 years;2012-Q1;26.300468;;
Q;Quarterly;IT;Italy;EMP_R;Employment rate;9;Total;Y50-89;50-89 years;2012-Q2;26.819544;;
Q;Quarterly;IT;Italy;EMP_R;Employment rate;9;Total;Y50-89;50-89 years;2012-Q3;26.999362;;
Q;Quarterly;IT;Italy;EMP_R;Employment rate;9;Total;Y50-89;50-89 years;2012-Q4;27.170523;;
Q;Quarterly;IT;Italy;EMP_R;Employment rate;9;Total;Y50-89;50-89 years;2013-Q1;26.862995;;
Q;Quarterly;IT;Italy;EMP_R;Employment rate;9;Total;Y50-89;50-89 years;2013-Q2;27.402794;;
Q;Quarterly;IT;Italy;EMP_R;Employment rate;9;Total;Y50-89;50-89 years;2013-Q3;27.791955;;
Q;Quarterly;IT;Italy;EMP_R;Employment rate;9;Total;Y50-89;50-89 years;2013-Q4;27.982384;;
Q;Quarterly;IT;Italy;EMP_R;Employment rate;9;Total;Y50-89;50-89 years;2014-Q1;28.023988;;
Q;Quarterly;IT;Italy;EMP_R;Employment rate;9;Total;Y50-89;50-89 years;2014-Q2;28.61681;;
Q;Quarterly;IT;Italy;EMP_R;Employment rate;9;Total;Y50-89;50-89 years;2014-Q3;29.031169;;
Q;Quarterly;IT;Italy;EMP_R;Employment rate;9;Total;Y50-89;50-89 years;2014-Q4;29.190396;;
Q;Quarterly;IT;Italy;EMP_R;Employment rate;9;Total;Y50-89;50-89 years;2015-Q1;29.145732;;
Q;Quarterly;IT;Italy;EMP_R;Employment rate;9;Total;Y50-89;50-89 years;2015-Q2;29.930799;;
Q;Quarterly;IT;Italy;EMP_R;Employment rate;9;Total;Y50-89;50-89 years;2015-Q3;29.868646;;
Q;Quarterly;IT;Italy;EMP_R;Employment rate;9;Total;Y50-89;50-89 years;2015-Q4;29.862951;;
Q;Quarterly;IT;Italy;EMP_R;Employment rate;9;Total;Y50-89;50-89 years;2016-Q1;30.255751;;
Q;Quarterly;IT;Italy;EMP_R;Employment rate;9;Total;Y50-89;50-89 years;2016-Q2;30.880717;;
Q;Quarterly;IT;Italy;EMP_R;Employment rate;9;Total;Y50-89;50-89 years;2016-Q3;30.873507;;
Q;Quarterly;IT;Italy;EMP_R;Employment rate;9;Total;Y50-89;50-89 years;2016-Q4;31.220861;;
Q;Quarterly;IT;Italy;EMP_R;Employment rate;9;Total;Y50-89;50-89 years;2017-Q1;31.147714;;
Q;Quarterly;IT;Italy;EMP_R;Employment rate;9;Total;Y50-89;50-89 years;2017-Q2;31.790769;;
Q;Quarterly;IT;Italy;EMP_R;Employment rate;9;Total;Y50-89;50-89 years;2017-Q3;31.874795;;
Q;Quarterly;IT;Italy;EMP_R;Employment rate;9;Total;Y50-89;50-89 years;2017-Q4;32.267395;;
Q;Quarterly;IT;Italy;EMP_R;Employment rate;9;Total;Y50-89;50-89 years;2018-Q1;32.159906;;
Q;Quarterly;IT;Italy;EMP_R;Employment rate;9;Total;Y50-89;50-89 years;2018-Q2;32.959307;;
Q;Quarterly;IT;Italy;EMP_R;Employment rate;9;Total;Y50-89;50-89 years;2018-Q3;32.825766;;
Q;Quarterly;IT;Italy;EMP_R;Employment rate;9;Total;Y50-89;50-89 years;2018-Q4;32.867218;;
Q;Quarterly;IT;Italy;EMP_R;Employment rate;9;Total;Y50-89;50-89 years;2019-Q1;32.668986;;
Q;Quarterly;IT;Italy;EMP_R;Employment rate;9;Total;Y50-89;50-89 years;2019-Q2;33.680481;;
Q;Quarterly;IT;Italy;EMP_R;Employment rate;9;Total;Y50-89;50-89 years;2019-Q3;33.494372;;
Q;Quarterly;IT;Italy;EMP_R;Employment rate;9;Total;Y50-89;50-89 years;2019-Q4;33.466011;;
Q;Quarterly;IT;Italy;EMP_R;Employment rate;9;Total;Y50-89;50-89 years;2020-Q1;33.181173;;
Q;Quarterly;IT;Italy;EMP_R;Employment rate;9;Total;Y50-89;50-89 years;2020-Q2;32.729409;;
Q;Quarterly;IT;Italy;EMP_R;Employment rate;9;Total;Y50-89;50-89 years;2020-Q3;32.725959;;
Q;Quarterly;IT;Italy;EMP_R;Employment rate;9;Total;Y50-89;50-89 years;2020-Q4;32.941982;;
Q;Quarterly;IT;Italy;EMP_R;Employment rate;9;Total;Y50-89;50-89 years;2021-Q1;32.500912;;
Q;Quarterly;IT;Italy;EMP_R;Employment rate;9;Total;Y50-89;50-89 years;2021-Q2;33.182654;;
Q;Quarterly;IT;Italy;EMP_R;Employment rate;9;Total;Y50-89;50-89 years;2021-Q3;33.261291;;
Q;Quarterly;IT;Italy;EMP_R;Employment rate;9;Total;Y50-89;50-89 years;2021-Q4;33.509273;;
Q;Quarterly;IT;Italy;EMP_R;Employment rate;9;Total;Y50-89;50-89 years;2022-Q1;33.257087;;
Q;Quarterly;IT;Italy;EMP_R;Employment rate;9;Total;Y50-89;50-89 years;2022-Q2;33.959663;;
Q;Quarterly;IT;Italy;EMP_R;Employment rate;9;Total;Y50-89;50-89 years;2022-Q3;33.918135;;
Q;Quarterly;IT;Italy;EMP_R;Employment rate;9;Total;Y50-89;50-89 years;2022-Q4;34.059371;;
Q;Quarterly;IT;Italy;EMP_R;Employment rate;9;Total;Y50-89;50-89 years;2023-Q1;34.218186;;
Q;Quarterly;IT;Italy;EMP_R;Employment rate;9;Total;Y50-89;50-89 years;2023-Q2;34.966035;;
Q;Quarterly;IT;Italy;EMP_R;Employment rate;9;Total;Y50-89;50-89 years;2023-Q3;35.416419;;
Q;Quarterly;IT;Italy;EMP_R;Employment rate;9;Total;Y50-89;50-89 years;2023-Q4;35.351712;;
Q;Quarterly;IT;Italy;EMP_R;Employment rate;9;Total;Y50-89;50-89 years;2024-Q1;35.14688;;
Q;Quarterly;IT;Italy;EMP_R;Employment rate;9;Total;Y50-89;50-89 years;2024-Q2;35.711899;;
Q;Quarterly;IT;Italy;EMP_R;Employment rate;9;Total;Y50-89;50-89 years;2024-Q3;36.310459;;
Q;Quarterly;IT;Italy;EMP_R;Employment rate;9;Total;Y50-89;50-89 years;2024-Q4;36.038796;;
Q;Quarterly;IT;Italy;EMP_R;Employment rate;9;Total;Y50-89;50-89 years;2025-Q1;36.429178;;
Q;Quarterly;IT;Italy;EMP_R;Employment rate;9;Total;Y50-89;50-89 years;2025-Q2;36.942001;;
Q;Quarterly;IT;Italy;EMP_R;Employment rate;9;Total;Y15-89;15-89 years;2004-Q1;45.276289;;
Q;Quarterly;IT;Italy;EMP_R;Employment rate;9;Total;Y15-89;15-89 years;2004-Q2;45.892897;;
Q;Quarterly;IT;Italy;EMP_R;Employment rate;9;Total;Y15-89;15-89 years;2004-Q3;45.922775;;
Q;Quarterly;IT;Italy;EMP_R;Employment rate;9;Total;Y15-89;15-89 years;2004-Q4;45.87828;;
Q;Quarterly;IT;Italy;EMP_R;Employment rate;9;Total;Y15-89;15-89 years;2005-Q1;45.286421;;
Q;Quarterly;IT;Italy;EMP_R;Employment rate;9;Total;Y15-89;15-89 years;2005-Q2;45.717401;;
Q;Quarterly;IT;Italy;EMP_R;Employment rate;9;Total;Y15-89;15-89 years;2005-Q3;45.420958;;
Q;Quarterly;IT;Italy;EMP_R;Employment rate;9;Total;Y15-89;15-89 years;2005-Q4;45.597718;;
Q;Quarterly;IT;Italy;EMP_R;Employment rate;9;Total;Y15-89;15-89 years;2006-Q1;45.600674;;
Q;Quarterly;IT;Italy;EMP_R;Employment rate;9;Total;Y15-89;15-89 years;2006-Q2;46.445183;;
Q;Quarterly;IT;Italy;EMP_R;Employment rate;9;Total;Y15-89;15-89 years;2006-Q3;45.979997;;
Q;Quarterly;IT;Italy;EMP_R;Employment rate;9;Total;Y15-89;15-89 years;2006-Q4;45.967804;;
Q;Quarterly;IT;Italy;EMP_R;Employment rate;9;Total;Y15-89;15-89 years;2007-Q1;45.37299;;
Q;Quarterly;IT;Italy;EMP_R;Employment rate;9;Total;Y15-89;15-89 years;2007-Q2;46.224895;;
Q;Quarterly;IT;Italy;EMP_R;Employment rate;9;Total;Y15-89;15-89 years;2007-Q3;46.350726;;
Q;Quarterly;IT;Italy;EMP_R;Employment rate;9;Total;Y15-89;15-89 years;2007-Q4;46.180564;;
Q;Quarterly;IT;Italy;EMP_R;Employment rate;9;Total;Y15-89;15-89 years;2008-Q1;45.748999;;
Q;Quarterly;IT;Italy;EMP_R;Employment rate;9;Total;Y15-89;15-89 years;2008-Q2;46.431014;;
Q;Quarterly;IT;Italy;EMP_R;Employment rate;9;Total;Y15-89;15-89 years;2008-Q3;46.218959;;
Q;Quarterly;IT;Italy;EMP_R;Employment rate;9;Total;Y15-89;15-89 years;2008-Q4;45.729096;;
Q;Quarterly;IT;Italy;EMP_R;Employment rate;9;Total;Y15-89;15-89 years;2009-Q1;44.838425;;
Q;Quarterly;IT;Italy;EMP_R;Employment rate;9;Total;Y15-89;15-89 years;2009-Q2;45.075179;;
Q;Quarterly;IT;Italy;EMP_R;Employment rate;9;Total;Y15-89;15-89 years;2009-Q3;44.547975;;
Q;Quarterly;IT;Italy;EMP_R;Employment rate;9;Total;Y15-89;15-89 years;2009-Q4;44.252728;;
Q;Quarterly;IT;Italy;EMP_R;Employment rate;9;Total;Y15-89;15-89 years;2010-Q1;43.96574;;
Q;Quarterly;IT;Italy;EMP_R;Employment rate;9;Total;Y15-89;15-89 years;2010-Q2;44.455156;;
Q;Quarterly;IT;Italy;EMP_R;Employment rate;9;Total;Y15-89;15-89 years;2010-Q3;43.958769;;
Q;Quarterly;IT;Italy;EMP_R;Employment rate;9;Total;Y15-89;15-89 years;2010-Q4;44.178325;;
Q;Quarterly;IT;Italy;EMP_R;Employment rate;9;Total;Y15-89;15-89 years;2011-Q1;44.07745;;
Q;Quarterly;IT;Italy;EMP_R;Employment rate;9;Total;Y15-89;15-89 years;2011-Q2;44.475163;;
Q;Quarterly;IT;Italy;EMP_R;Employment rate;9;Total;Y15-89;15-89 years;2011-Q3;44.1364;;
Q;Quarterly;IT;Italy;EMP_R;Employment rate;9;Total;Y15-89;15-89 years;2011-Q4;44.00621;;
Q;Quarterly;IT;Italy;EMP_R;Employment rate;9;Total;Y15-89;15-89 years;2012-Q1;43.660759;;
Q;Quarterly;IT;Italy;EMP_R;Employment rate;9;Total;Y15-89;15-89 years;2012-Q2;44.142397;;
Q;Quarterly;IT;Italy;EMP_R;Employment rate;9;Total;Y15-89;15-89 years;2012-Q3;43.890004;;
Q;Quarterly;IT;Italy;EMP_R;Employment rate;9;Total;Y15-89;15-89 years;2012-Q4;43.613236;;
Q;Quarterly;IT;Italy;EMP_R;Employment rate;9;Total;Y15-89;15-89 years;2013-Q1;42.728091;;
Q;Quarterly;IT;Italy;EMP_R;Employment rate;9;Total;Y15-89;15-89 years;2013-Q2;42.928878;;
Q;Quarterly;IT;Italy;EMP_R;Employment rate;9;Total;Y15-89;15-89 years;2013-Q3;42.850948;;
Q;Quarterly;IT;Italy;EMP_R;Employment rate;9;Total;Y15-89;15-89 years;2013-Q4;42.866456;;
Q;Quarterly;IT;Italy;EMP_R;Employment rate;9;Total;Y15-89;15-89 years;2014-Q1;42.458613;;
Q;Quarterly;IT;Italy;EMP_R;Employment rate;9;Total;Y15-89;15-89 years;2014-Q2;43.034335;;
Q;Quarterly;IT;Italy;EMP_R;Employment rate;9;Total;Y15-89;15-89 years;2014-Q3;43.141268;;
Q;Quarterly;IT;Italy;EMP_R;Employment rate;9;Total;Y15-89;15-89 years;2014-Q4;43.150495;;
Q;Quarterly;IT;Italy;EMP_R;Employment rate;9;Total;Y15-89;15-89 years;2015-Q1;42.759811;;
Q;Quarterly;IT;Italy;EMP_R;Employment rate;9;Total;Y15-89;15-89 years;2015-Q2;43.421359;;
Q;Quarterly;IT;Italy;EMP_R;Employment rate;9;Total;Y15-89;15-89 years;2015-Q3;43.694581;;
Q;Quarterly;IT;Italy;EMP_R;Employment rate;9;Total;Y15-89;15-89 years;2015-Q4;43.571201;;
Q;Quarterly;IT;Italy;EMP_R;Employment rate;9;Total;Y15-89;15-89 years;2016-Q1;43.338525;;
Q;Quarterly;IT;Italy;EMP_R;Employment rate;9;Total;Y15-89;15-89 years;2016-Q2;44.380096;;
Q;Quarterly;IT;Italy;EMP_R;Employment rate;9;Total;Y15-89;15-89 years;2016-Q3;44.294638;;
Q;Quarterly;IT;Italy;EMP_R;Employment rate;9;Total;Y15-89;15-89 years;2016-Q4;44.192456;;
Q;Quarterly;IT;Italy;EMP_R;Employment rate;9;Total;Y15-89;15-89 years;2017-Q1;44.039559;;
Q;Quarterly;IT;Italy;EMP_R;Employment rate;9;Total;Y15-89;15-89 years;2017-Q2;44.768199;;
Q;Quarterly;IT;Italy;EMP_R;Employment rate;9;Total;Y15-89;15-89 years;2017-Q3;44.964612;;
Q;Quarterly;IT;Italy;EMP_R;Employment rate;9;Total;Y15-89;15-89 years;2017-Q4;44.8143;;
Q;Quarterly;IT;Italy;EMP_R;Employment rate;9;Total;Y15-89;15-89 years;2018-Q1;44.438866;;
Q;Quarterly;IT;Italy;EMP_R;Employment rate;9;Total;Y15-89;15-89 years;2018-Q2;45.615647;;
Q;Quarterly;IT;Italy;EMP_R;Employment rate;9;Total;Y15-89;15-89 years;2018-Q3;45.393028;;
Q;Quarterly;IT;Italy;EMP_R;Employment rate;9;Total;Y15-89;15-89 years;2018-Q4;45.080844;;
Q;Quarterly;IT;Italy;EMP_R;Employment rate;9;Total;Y15-89;15-89 years;2019-Q1;44.791231;;
Q;Quarterly;IT;Italy;EMP_R;Employment rate;9;Total;Y15-89;15-89 years;2019-Q2;45.842045;;
Q;Quarterly;IT;Italy;EMP_R;Employment rate;9;Total;Y15-89;15-89 years;2019-Q3;45.732414;;
Q;Quarterly;IT;Italy;EMP_R;Employment rate;9;Total;Y15-89;15-89 years;2019-Q4;45.559323;;
Q;Quarterly;IT;Italy;EMP_R;Employment rate;9;Total;Y15-89;15-89 years;2020-Q1;44.834026;;
Q;Quarterly;IT;Italy;EMP_R;Employment rate;9;Total;Y15-89;15-89 years;2020-Q2;43.51789;;
Q;Quarterly;IT;Italy;EMP_R;Employment rate;9;Total;Y15-89;15-89 years;2020-Q3;44.040804;;
Q;Quarterly;IT;Italy;EMP_R;Employment rate;9;Total;Y15-89;15-89 years;2020-Q4;44.135452;;
Q;Quarterly;IT;Italy;EMP_R;Employment rate;9;Total;Y15-89;15-89 years;2021-Q1;43.11548;;
Q;Quarterly;IT;Italy;EMP_R;Employment rate;9;Total;Y15-89;15-89 years;2021-Q2;44.657836;;
Q;Quarterly;IT;Italy;EMP_R;Employment rate;9;Total;Y15-89;15-89 years;2021-Q3;45.271748;;
Q;Quarterly;IT;Italy;EMP_R;Employment rate;9;Total;Y15-89;15-89 years;2021-Q4;45.455454;;
Q;Quarterly;IT;Italy;EMP_R;Employment rate;9;Total;Y15-89;15-89 years;2022-Q1;45.087554;;
Q;Quarterly;IT;Italy;EMP_R;Employment rate;9;Total;Y15-89;15-89 years;2022-Q2;46.147061;;
Q;Quarterly;IT;Italy;EMP_R;Employment rate;9;Total;Y15-89;15-89 years;2022-Q3;45.944608;;
Q;Quarterly;IT;Italy;EMP_R;Employment rate;9;Total;Y15-89;15-89 years;2022-Q4;46.204659;;
Q;Quarterly;IT;Italy;EMP_R;Employment rate;9;Total;Y15-89;15-89 years;2023-Q1;46.144576;;
Q;Quarterly;IT;Italy;EMP_R;Employment rate;9;Total;Y15-89;15-89 years;2023-Q2;46.940538;;
Q;Quarterly;IT;Italy;EMP_R;Employment rate;9;Total;Y15-89;15-89 years;2023-Q3;46.883144;;
Q;Quarterly;IT;Italy;EMP_R;Employment rate;9;Total;Y15-89;15-89 years;2023-Q4;47.252364;;
Q;Quarterly;IT;Italy;EMP_R;Employment rate;9;Total;Y15-89;15-89 years;2024-Q1;46.86166;;
Q;Quarterly;IT;Italy;EMP_R;Employment rate;9;Total;Y15-89;15-89 years;2024-Q2;47.445521;;
Q;Quarterly;IT;Italy;EMP_R;Employment rate;9;Total;Y15-89;15-89 years;2024-Q3;47.693673;;
Q;Quarterly;IT;Italy;EMP_R;Employment rate;9;Total;Y15-89;15-89 years;2024-Q4;47.355824;;
Q;Quarterly;IT;Italy;EMP_R;Employment rate;9;Total;Y15-89;15-89 years;2025-Q1;47.536218;;
Q;Quarterly;IT;Italy;EMP_R;Employment rate;9;Total;Y15-89;15-89 years;2025-Q2;47.764111;;
Q;Quarterly;IT;Italy;EMP_R;Employment rate;9;Total;Y50-74;50-74 years;2004-Q1;28.128445;;
Q;Quarterly;IT;Italy;EMP_R;Employment rate;9;Total;Y50-74;50-74 years;2004-Q2;28.941721;;
Q;Quarterly;IT;Italy;EMP_R;Employment rate;9;Total;Y50-74;50-74 years;2004-Q3;28.992235;;
Q;Quarterly;IT;Italy;EMP_R;Employment rate;9;Total;Y50-74;50-74 years;2004-Q4;29.475355;;
Q;Quarterly;IT;Italy;EMP_R;Employment rate;9;Total;Y50-74;50-74 years;2005-Q1;28.957632;;
Q;Quarterly;IT;Italy;EMP_R;Employment rate;9;Total;Y50-74;50-74 years;2005-Q2;29.447877;;
Q;Quarterly;IT;Italy;EMP_R;Employment rate;9;Total;Y50-74;50-74 years;2005-Q3;29.490366;;
Q;Quarterly;IT;Italy;EMP_R;Employment rate;9;Total;Y50-74;50-74 years;2005-Q4;29.82488;;
Q;Quarterly;IT;Italy;EMP_R;Employment rate;9;Total;Y50-74;50-74 years;2006-Q1;29.636381;;
Q;Quarterly;IT;Italy;EMP_R;Employment rate;9;Total;Y50-74;50-74 years;2006-Q2;30.564409;;
Q;Quarterly;IT;Italy;EMP_R;Employment rate;9;Total;Y50-74;50-74 years;2006-Q3;30.557392;;
Q;Quarterly;IT;Italy;EMP_R;Employment rate;9;Total;Y50-74;50-74 years;2006-Q4;30.675357;;
Q;Quarterly;IT;Italy;EMP_R;Employment rate;9;Total;Y50-74;50-74 years;2007-Q1;30.64583;;
Q;Quarterly;IT;Italy;EMP_R;Employment rate;9;Total;Y50-74;50-74 years;2007-Q2;31.480461;;
Q;Quarterly;IT;Italy;EMP_R;Employment rate;9;Total;Y50-74;50-74 years;2007-Q3;31.622555;;
Q;Quarterly;IT;Italy;EMP_R;Employment rate;9;Total;Y50-74;50-74 years;2007-Q4;31.585087;;
Q;Quarterly;IT;Italy;EMP_R;Employment rate;9;Total;Y50-74;50-74 years;2008-Q1;31.257624;;
Q;Quarterly;IT;Italy;EMP_R;Employment rate;9;Total;Y50-74;50-74 years;2008-Q2;32.223668;;
Q;Quarterly;IT;Italy;EMP_R;Employment rate;9;Total;Y50-74;50-74 years;2008-Q3;32.231468;;
Q;Quarterly;IT;Italy;EMP_R;Employment rate;9;Total;Y50-74;50-74 years;2008-Q4;32.135988;;
Q;Quarterly;IT;Italy;EMP_R;Employment rate;9;Total;Y50-74;50-74 years;2009-Q1;31.918213;;
Q;Quarterly;IT;Italy;EMP_R;Employment rate;9;Total;Y50-74;50-74 years;2009-Q2;32.537061;;
Q;Quarterly;IT;Italy;EMP_R;Employment rate;9;Total;Y50-74;50-74 years;2009-Q3;32.162012;;
Q;Quarterly;IT;Italy;EMP_R;Employment rate;9;Total;Y50-74;50-74 years;2009-Q4;32.279468;;
Q;Quarterly;IT;Italy;EMP_R;Employment rate;9;Total;Y50-74;50-74 years;2010-Q1;32.486531;;
Q;Quarterly;IT;Italy;EMP_R;Employment rate;9;Total;Y50-74;50-74 years;2010-Q2;32.796458;;
Q;Quarterly;IT;Italy;EMP_R;Employment rate;9;Total;Y50-74;50-74 years;2010-Q3;32.7607;;
Q;Quarterly;IT;Italy;EMP_R;Employment rate;9;Total;Y50-74;50-74 years;2010-Q4;33.048282;;
Q;Quarterly;IT;Italy;EMP_R;Employment rate;9;Total;Y50-74;50-74 years;2011-Q1;33.29194;;
Q;Quarterly;IT;Italy;EMP_R;Employment rate;9;Total;Y50-74;50-74 years;2011-Q2;33.714084;;
Q;Quarterly;IT;Italy;EMP_R;Employment rate;9;Total;Y50-74;50-74 years;2011-Q3;33.940773;;
Q;Quarterly;IT;Italy;EMP_R;Employment rate;9;Total;Y50-74;50-74 years;2011-Q4;34.204441;;
Q;Quarterly;IT;Italy;EMP_R;Employment rate;9;Total;Y50-74;50-74 years;2012-Q1;34.185964;;
Q;Quarterly;IT;Italy;EMP_R;Employment rate;9;Total;Y50-74;50-74 years;2012-Q2;34.831607;;
Q;Quarterly;IT;Italy;EMP_R;Employment rate;9;Total;Y50-74;50-74 years;2012-Q3;35.012235;;
Q;Quarterly;IT;Italy;EMP_R;Employment rate;9;Total;Y50-74;50-74 years;2012-Q4;35.285906;;
Q;Quarterly;IT;Italy;EMP_R;Employment rate;9;Total;Y50-74;50-74 years;2013-Q1;34.907588;;
Q;Quarterly;IT;Italy;EMP_R;Employment rate;9;Total;Y50-74;50-74 years;2013-Q2;35.605598;;
Q;Quarterly;IT;Italy;EMP_R;Employment rate;9;Total;Y50-74;50-74 years;2013-Q3;36.129725;;
Q;Quarterly;IT;Italy;EMP_R;Employment rate;9;Total;Y50-74;50-74 years;2013-Q4;36.428313;;
Q;Quarterly;IT;Italy;EMP_R;Employment rate;9;Total;Y50-74;50-74 years;2014-Q1;36.501607;;
Q;Quarterly;IT;Italy;EMP_R;Employment rate;9;Total;Y50-74;50-74 years;2014-Q2;37.236085;;
Q;Quarterly;IT;Italy;EMP_R;Employment rate;9;Total;Y50-74;50-74 years;2014-Q3;37.766385;;
Q;Quarterly;IT;Italy;EMP_R;Employment rate;9;Total;Y50-74;50-74 years;2014-Q4;37.996661;;
Q;Quarterly;IT;Italy;EMP_R;Employment rate;9;Total;Y50-74;50-74 years;2015-Q1;38.013413;;
Q;Quarterly;IT;Italy;EMP_R;Employment rate;9;Total;Y50-74;50-74 years;2015-Q2;39.074156;;
Q;Quarterly;IT;Italy;EMP_R;Employment rate;9;Total;Y50-74;50-74 years;2015-Q3;38.977098;;
Q;Quarterly;IT;Italy;EMP_R;Employment rate;9;Total;Y50-74;50-74 years;2015-Q4;38.955009;;
Q;Quarterly;IT;Italy;EMP_R;Employment rate;9;Total;Y50-74;50-74 years;2016-Q1;39.482825;;
Q;Quarterly;IT;Italy;EMP_R;Employment rate;9;Total;Y50-74;50-74 years;2016-Q2;40.328055;;
Q;Quarterly;IT;Italy;EMP_R;Employment rate;9;Total;Y50-74;50-74 years;2016-Q3;40.280989;;
Q;Quarterly;IT;Italy;EMP_R;Employment rate;9;Total;Y50-74;50-74 years;2016-Q4;40.759276;;
Q;Quarterly;IT;Italy;EMP_R;Employment rate;9;Total;Y50-74;50-74 years;2017-Q1;40.7123;;
Q;Quarterly;IT;Italy;EMP_R;Employment rate;9;Total;Y50-74;50-74 years;2017-Q2;41.51229;;
Q;Quarterly;IT;Italy;EMP_R;Employment rate;9;Total;Y50-74;50-74 years;2017-Q3;41.556431;;
Q;Quarterly;IT;Italy;EMP_R;Employment rate;9;Total;Y50-74;50-74 years;2017-Q4;42.092056;;
Q;Quarterly;IT;Italy;EMP_R;Employment rate;9;Total;Y50-74;50-74 years;2018-Q1;41.94584;;
Q;Quarterly;IT;Italy;EMP_R;Employment rate;9;Total;Y50-74;50-74 years;2018-Q2;42.91748;;
Q;Quarterly;IT;Italy;EMP_R;Employment rate;9;Total;Y50-74;50-74 years;2018-Q3;42.765873;;
Q;Quarterly;IT;Italy;EMP_R;Employment rate;9;Total;Y50-74;50-74 years;2018-Q4;42.800945;;
Q;Quarterly;IT;Italy;EMP_R;Employment rate;9;Total;Y50-74;50-74 years;2019-Q1;42.479247;;
Q;Quarterly;IT;Italy;EMP_R;Employment rate;9;Total;Y50-74;50-74 years;2019-Q2;43.736766;;
Q;Quarterly;IT;Italy;EMP_R;Employment rate;9;Total;Y50-74;50-74 years;2019-Q3;43.518895;;
Q;Quarterly;IT;Italy;EMP_R;Employment rate;9;Total;Y50-74;50-74 years;2019-Q4;43.382755;;
Q;Quarterly;IT;Italy;EMP_R;Employment rate;9;Total;Y50-74;50-74 years;2020-Q1;43.043616;;
Q;Quarterly;IT;Italy;EMP_R;Employment rate;9;Total;Y50-74;50-74 years;2020-Q2;42.457779;;
Q;Quarterly;IT;Italy;EMP_R;Employment rate;9;Total;Y50-74;50-74 years;2020-Q3;42.411342;;
Q;Quarterly;IT;Italy;EMP_R;Employment rate;9;Total;Y50-74;50-74 years;2020-Q4;42.605581;;
Q;Quarterly;IT;Italy;EMP_R;Employment rate;9;Total;Y50-74;50-74 years;2021-Q1;41.858887;;
Q;Quarterly;IT;Italy;EMP_R;Employment rate;9;Total;Y50-74;50-74 years;2021-Q2;42.734579;;
Q;Quarterly;IT;Italy;EMP_R;Employment rate;9;Total;Y50-74;50-74 years;2021-Q3;42.93203;;
Q;Quarterly;IT;Italy;EMP_R;Employment rate;9;Total;Y50-74;50-74 years;2021-Q4;43.338936;;
Q;Quarterly;IT;Italy;EMP_R;Employment rate;9;Total;Y50-74;50-74 years;2022-Q1;43.101524;;
Q;Quarterly;IT;Italy;EMP_R;Employment rate;9;Total;Y50-74;50-74 years;2022-Q2;44.041008;;
Q;Quarterly;IT;Italy;EMP_R;Employment rate;9;Total;Y50-74;50-74 years;2022-Q3;43.988421;;
Q;Quarterly;IT;Italy;EMP_R;Employment rate;9;Total;Y50-74;50-74 years;2022-Q4;44.172243;;
Q;Quarterly;IT;Italy;EMP_R;Employment rate;9;Total;Y50-74;50-74 years;2023-Q1;44.410301;;
Q;Quarterly;IT;Italy;EMP_R;Employment rate;9;Total;Y50-74;50-74 years;2023-Q2;45.390398;;
Q;Quarterly;IT;Italy;EMP_R;Employment rate;9;Total;Y50-74;50-74 years;2023-Q3;46.020741;;
Q;Quarterly;IT;Italy;EMP_R;Employment rate;9;Total;Y50-74;50-74 years;2023-Q4;46.000301;;
Q;Quarterly;IT;Italy;EMP_R;Employment rate;9;Total;Y50-74;50-74 years;2024-Q1;45.736049;;
Q;Quarterly;IT;Italy;EMP_R;Employment rate;9;Total;Y50-74;50-74 years;2024-Q2;46.500753;;
Q;Quarterly;IT;Italy;EMP_R;Employment rate;9;Total;Y50-74;50-74 years;2024-Q3;47.325161;;
Q;Quarterly;IT;Italy;EMP_R;Employment rate;9;Total;Y50-74;50-74 years;2024-Q4;47.032968;;
Q;Quarterly;IT;Italy;EMP_R;Employment rate;9;Total;Y50-74;50-74 years;2025-Q1;47.533174;;
Q;Quarterly;IT;Italy;EMP_R;Employment rate;9;Total;Y50-74;50-74 years;2025-Q2;48.212013;;
